date,actual,RF,LSTM,AMLSTM,Our_Model
2024-05-21 06:00:00,39.62,53.96270000000002,9.230195,78.984215,0.0
2024-05-21 06:15:00,59.24,84.43089999999997,51.15374,90.422134,0.0
2024-05-21 06:30:00,89.61,84.94800000000002,47.110767,137.16364,0.0
2024-05-21 06:45:00,143.66,113.04012799999992,83.434685,158.52112,0.0
2024-05-21 07:00:00,185.17,151.11475789473687,117.09455,205.50807,32.273415
2024-05-21 07:15:00,229.85,268.77346560439577,137.33893,251.72778,87.76708
2024-05-21 07:30:00,283.07,260.10283018661653,187.31711,289.21942,128.2599
2024-05-21 07:45:00,341.47,321.47889999999995,236.95352,339.47165,166.62259
2024-05-21 08:00:00,398.64,386.46733244766506,277.76425,375.9568,242.09624
2024-05-21 08:15:00,461.29,447.2084639999999,349.16537,435.06723,249.79495
2024-05-21 08:30:00,468.04,500.4500809523811,357.63324,484.25122,335.90866
2024-05-21 08:45:00,546.71,557.7831000000002,476.33188,530.99524,379.18405
2024-05-21 09:00:00,594.67,589.7333000000001,473.89487,574.1486,444.3221
2024-05-21 09:15:00,641.58,624.7273000000008,529.96265,614.4008,486.64447
2024-05-21 09:30:00,691.49,594.1546000000005,620.5716,662.5962,529.49506
2024-05-21 09:45:00,630.27,659.0868076923072,653.4397,703.9376,567.5194
2024-05-21 10:00:00,581.08,635.4978777454845,680.86926,736.99817,609.8479
2024-05-21 10:15:00,711.59,686.1758000000004,679.93805,756.3793,648.2344
2024-05-21 10:30:00,809.66,672.0396999999998,760.34753,808.6236,708.27167
2024-05-21 10:45:00,833.87,796.2074000000003,777.6677,815.56635,736.3715
2024-05-21 11:00:00,857.4,823.6037000000002,831.42554,823.65753,731.8263
2024-05-21 11:15:00,881.3,811.8381000000003,783.0048,828.6658,782.2009
2024-05-21 11:30:00,892.45,867.6935000000001,850.0312,841.75183,821.3099
2024-05-21 11:45:00,894.6,865.6697999999998,866.8627,815.5784,827.5208
2024-05-21 12:00:00,893.16,868.32,857.3409,820.67,807.3608
2024-05-21 12:15:00,890.98,850.2833999999998,809.5517,811.4477,808.6586
2024-05-21 12:30:00,878.83,848.4128000000004,824.3358,786.1139,795.0565
2024-05-21 12:45:00,824.73,848.5667000000003,791.0405,767.1986,756.9682
2024-05-21 13:00:00,797.51,838.0693000000006,778.6962,724.3402,731.00977
2024-05-21 13:15:00,786.73,578.2305999999995,782.7583,699.35236,734.47095
2024-05-21 13:30:00,752.38,704.2290000000004,725.88446,653.74304,705.1205
2024-05-21 13:45:00,687.3,595.5377999999998,700.7163,605.09644,663.0978
2024-05-21 14:00:00,515.33,626.2633999999999,649.35333,576.2445,589.17786
2024-05-21 14:15:00,659.0,661.7599000000005,602.1031,536.14655,563.77203
2024-05-21 14:30:00,580.75,680.8029000000005,570.16846,489.3202,531.90796
2024-05-21 14:45:00,591.14,659.3104000000003,505.39035,435.01697,475.24423
2024-05-21 15:00:00,543.48,574.8605999999997,488.0547,375.06024,449.5417
2024-05-21 15:15:00,520.06,452.9740999999999,415.2432,333.61765,419.7713
2024-05-21 15:30:00,493.88,396.5811,372.33847,273.4735,349.86417
2024-05-21 15:45:00,467.49,491.6929999999997,318.18137,253.80962,311.2808
2024-05-21 16:00:00,437.89,523.5302999999997,231.76697,198.98152,281.57593
2024-05-21 16:15:00,384.78,418.037643902439,222.2526,144.95183,240.16493
2024-05-21 16:30:00,335.56,426.55999999999966,182.05817,130.9046,195.95634
2024-05-21 16:45:00,297.28,237.01350000000005,167.22835,80.73674,149.09492
2024-05-21 17:00:00,244.03,543.1501000000002,81.56158,55.37892,76.566734
2024-05-21 17:15:00,203.59,298.1720000000002,74.30924,30.81984,53.14972
2024-05-21 17:30:00,164.62,181.70860000000005,46.927086,41.79504,0.0
2024-05-21 17:45:00,122.12,178.36049999999997,3.9107149,25.686789,0.0
2024-05-21 18:00:00,84.39,81.53479068986563,29.712687,16.96374,0.0
2024-05-21 18:15:00,51.22,53.07240000000003,0.0,4.890021,0.0
2024-05-21 18:30:00,25.44,34.938300000000005,0.0,45.11881,0.0
2024-05-21 18:45:00,7.97,7.001251428086383,0.0,37.692932,0.0
2024-05-21 19:00:00,1.85,3.453313636363636,0.0,48.53571,0.0
2024-05-22 06:00:00,59.38,50.743583978022,17.49424,94.53784,31.343925
2024-05-22 06:15:00,119.17,73.1529865900383,59.90846,106.8022,41.561375
2024-05-22 06:30:00,159.44,86.19882352941178,55.95705,150.65189,74.55646
2024-05-22 06:45:00,161.1,141.97317448697655,94.51618,175.5746,87.82294
2024-05-22 07:00:00,194.14,163.83860000000007,132.33794,223.13564,125.56499
2024-05-22 07:15:00,269.27,205.41767731869183,152.4943,270.22073,146.2195
2024-05-22 07:30:00,339.24,287.4474,209.24481,306.93893,172.84343
2024-05-22 07:45:00,346.74,373.7784999999999,259.81583,357.75278,215.89825
2024-05-22 08:00:00,380.43,399.4516928571428,300.97522,395.68332,251.24321
2024-05-22 08:15:00,433.26,468.07361666666674,373.5122,453.38846,273.23288
2024-05-22 08:30:00,520.91,507.8407324166668,383.47064,501.5257,327.12677
2024-05-22 08:45:00,556.03,527.8649090909094,500.7953,548.371,337.5254
2024-05-22 09:00:00,571.09,606.7099000000007,500.404,591.2201,383.98898
2024-05-22 09:15:00,664.55,603.5773000000005,551.94403,632.0981,425.03052
2024-05-22 09:30:00,682.07,598.0298999999997,651.46295,678.1,443.14636
2024-05-22 09:45:00,731.47,616.1135000000006,682.74884,719.52655,512.6701
2024-05-22 10:00:00,775.73,694.1354000000007,709.9017,752.26733,553.3024
2024-05-22 10:15:00,810.67,731.2204999999999,705.78,774.5552,560.1461
2024-05-22 10:30:00,845.17,774.5496000000004,788.5635,821.17316,602.96985
2024-05-22 10:45:00,869.81,821.7617000000004,812.02386,826.477,614.81665
2024-05-22 11:00:00,892.56,847.6184000000001,855.02057,835.1959,614.40137
2024-05-22 11:15:00,911.53,858.6322000000004,808.5738,840.33405,677.07745
2024-05-22 11:30:00,922.07,852.4834000000001,874.0483,851.6789,712.3682
2024-05-22 11:45:00,912.34,862.0559000000005,890.6889,828.0646,707.5597
2024-05-22 12:00:00,908.75,872.4041000000002,883.5348,830.7249,714.7416
2024-05-22 12:15:00,895.39,890.3247000000009,832.645,821.2228,707.89374
2024-05-22 12:30:00,877.55,884.7358000000003,842.32,795.2508,703.05896
2024-05-22 12:45:00,858.15,855.1687000000002,808.0227,776.13275,703.11316
2024-05-22 13:00:00,857.35,802.0615999999999,798.5255,732.53284,655.31036
2024-05-22 13:15:00,820.46,644.9013999999992,798.34296,706.537,649.0776
2024-05-22 13:30:00,782.02,682.0450000000001,739.3617,660.07196,616.9931
2024-05-22 13:45:00,718.96,635.2722076923078,710.54407,613.4766,592.0676
2024-05-22 14:00:00,676.33,629.6152999999999,660.6633,581.8376,526.2888
2024-05-22 14:15:00,634.46,779.034577804878,606.54694,540.9758,517.7422
2024-05-22 14:30:00,599.18,661.2677000000002,575.94183,495.25208,497.5537
2024-05-22 14:45:00,584.23,677.109,506.9403,440.60638,457.3359
2024-05-22 15:00:00,564.15,626.6516000000003,488.38776,381.707,445.0472
2024-05-22 15:15:00,539.14,605.6820000000002,413.36218,339.44226,420.84723
2024-05-22 15:30:00,516.06,543.0930999999998,370.9246,282.08688,337.54407
2024-05-22 15:45:00,485.76,526.5406437499995,314.99673,258.47577,325.20242
2024-05-22 16:00:00,444.64,449.86376445461946,233.33884,205.22888,298.83234
2024-05-22 16:15:00,405.41,423.071008695652,222.61722,151.56378,260.6188
2024-05-22 16:30:00,359.88,405.96230000000014,178.10657,137.69711,229.27489
2024-05-22 16:45:00,310.86,276.36350000000016,164.491,90.251045,199.04977
2024-05-22 17:00:00,261.07,275.7323740740741,74.135254,64.66454,115.07627
2024-05-22 17:15:00,208.76,248.6252000000001,69.482574,41.55598,112.32985
2024-05-22 17:30:00,122.39,237.51480000000004,43.029366,50.946606,66.507095
2024-05-22 17:45:00,44.8,175.7116,2.8928287,34.84018,77.1643
2024-05-22 18:00:00,20.02,133.73638383838386,32.028553,26.602837,68.726364
2024-05-22 18:15:00,14.04,56.7259,0.0,20.270731,26.119822
2024-05-22 18:30:00,9.01,37.4699,0.0,58.10744,18.266335
2024-05-22 18:45:00,3.17,10.31596923076924,0.0,51.009434,20.029264
2024-05-22 19:00:00,0.44,3.768785714285715,0.0,61.546833,32.194527
2024-05-23 06:00:00,48.12,71.30513155555552,36.15955,102.52963,43.1813
2024-05-23 06:15:00,78.06,133.8259392857143,72.13464,112.381516,47.310604
2024-05-23 06:30:00,113.13,270.1211,73.395966,156.05426,81.8527
2024-05-23 06:45:00,152.93,329.4835999999998,118.08014,183.99155,105.22661
2024-05-23 07:00:00,196.82,326.1071999999998,161.29608,229.85036,144.04985
2024-05-23 07:15:00,244.64,371.7983,184.21951,277.61035,157.33466
2024-05-23 07:30:00,297.33,420.0932999999999,248.09798,313.68323,190.34361
2024-05-23 07:45:00,348.5,474.4462,303.152,366.6999,222.62201
2024-05-23 08:00:00,398.65,488.8935000000002,340.3554,404.48123,276.68042
2024-05-23 08:15:00,446.66,530.7751392857141,418.45554,461.61127,297.49356
2024-05-23 08:30:00,501.29,569.1377000000003,434.09378,508.92798,349.2004
2024-05-23 08:45:00,549.04,528.3254000000003,544.0502,556.27966,371.954
2024-05-23 09:00:00,601.55,673.4780000000004,550.8553,597.6837,417.4771
2024-05-23 09:15:00,648.23,578.6940999999999,593.78723,638.6048,438.08987
2024-05-23 09:30:00,688.95,551.9900999999996,702.08075,684.10223,454.5548
2024-05-23 09:45:00,730.41,718.9751999999997,729.99695,724.22546,525.68616
2024-05-23 10:00:00,771.22,722.3662000000002,760.35425,758.2249,594.18414
2024-05-23 10:15:00,604.71,741.5271000000004,748.19525,781.578,596.64124
2024-05-23 10:30:00,772.67,807.8288000000003,838.4525,825.94635,651.7829
2024-05-23 10:45:00,852.38,816.4764,865.9122,829.6841,657.09863
2024-05-23 11:00:00,878.42,859.9748000000005,897.9141,838.43884,655.1805
2024-05-23 11:15:00,890.59,826.4764000000006,852.56494,842.84863,704.0041
2024-05-23 11:30:00,902.78,911.4867000000004,913.62787,853.46844,758.98596
2024-05-23 11:45:00,907.51,877.8097000000002,929.5932,831.10565,749.58813
2024-05-23 12:00:00,902.06,890.9538,924.5344,833.04987,764.22815
2024-05-23 12:15:00,890.63,867.8866999999999,866.28,822.0828,765.6522
2024-05-23 12:30:00,870.87,889.2476000000006,869.30164,796.5415,752.3521
2024-05-23 12:45:00,848.98,860.1774,834.2645,777.4443,747.7015
2024-05-23 13:00:00,818.83,854.9320999999997,826.2982,733.56323,692.68317
2024-05-23 13:15:00,781.6,817.6715999999998,822.41144,707.69934,686.8069
2024-05-23 13:30:00,747.99,656.9658999999995,762.949,660.4538,674.6075
2024-05-23 13:45:00,708.25,704.0656,721.00586,614.1938,635.35474
2024-05-23 14:00:00,668.24,623.6859999999999,675.63367,582.34894,579.0698
2024-05-23 14:15:00,635.15,672.1947000000005,607.2635,541.22705,568.67773
2024-05-23 14:30:00,608.31,693.0256310344831,585.28186,495.9294,542.2155
2024-05-23 14:45:00,589.54,657.4856000000004,502.83585,441.07645,471.63217
2024-05-23 15:00:00,568.73,594.5537000000003,483.84238,382.43588,466.6584
2024-05-23 15:15:00,545.63,600.7288000000002,406.83347,341.71005,457.05182
2024-05-23 15:30:00,522.29,566.8747000000001,365.75687,283.30017,386.93143
2024-05-23 15:45:00,494.54,522.3090894736844,307.46692,257.22952,354.63147
2024-05-23 16:00:00,458.94,443.6847624971243,229.7948,204.13232,325.36676
2024-05-23 16:15:00,414.24,484.61856733333343,216.77797,151.20795,297.75107
2024-05-23 16:30:00,360.7,450.80640000000017,171.02625,139.49142,263.4035
2024-05-23 16:45:00,308.92,330.86400000000003,159.97853,93.02519,240.32538
2024-05-23 17:00:00,253.74,265.51500000000004,58.148865,68.098976,157.80347
2024-05-23 17:15:00,202.63,246.68100000000007,58.44794,43.66775,142.74448
2024-05-23 17:30:00,154.83,145.25880000000004,35.849792,52.732,89.1626
2024-05-23 17:45:00,120.06,55.49739999999999,0.4369359,37.958855,107.34917
2024-05-23 18:00:00,89.63,25.428737878787867,36.30468,29.53579,83.85783
2024-05-23 18:15:00,62.95,17.208199999999998,0.0,26.342123,60.53832
2024-05-23 18:30:00,36.99,13.003169230769243,0.0,62.184483,37.31845
2024-05-23 18:45:00,13.92,5.858000000000003,0.0,54.587784,49.552723
2024-05-23 19:00:00,4.12,0.6797535714285715,0.0,65.940926,60.698196
2024-05-24 06:00:00,28.42,51.2827825,38.269447,140.63503,18.976597
2024-05-24 06:15:00,48.18,80.05879999999999,70.21595,150.39711,34.079205
2024-05-24 06:30:00,97.31,118.11323800000008,70.94733,191.15544,53.864143
2024-05-24 06:45:00,152.25,153.0661616459627,115.89973,225.52405,80.39195
2024-05-24 07:00:00,202.32,205.66370000000003,159.32297,270.3697,102.05194
2024-05-24 07:15:00,245.0,238.8631888888889,179.64684,320.13803,159.17319
2024-05-24 07:30:00,282.75,286.4199,243.3032,355.3,191.37827
2024-05-24 07:45:00,336.47,357.4590999999999,299.74554,409.0164,230.44807
2024-05-24 08:00:00,359.6,390.7231999999999,335.10828,442.1237,286.54462
2024-05-24 08:15:00,439.78,437.0993809523809,411.8326,501.5042,299.2247
2024-05-24 08:30:00,506.39,514.7780960000001,426.67355,540.7083,364.49225
2024-05-24 08:45:00,558.67,539.4574241379311,537.2769,591.17523,383.53018
2024-05-24 09:00:00,603.04,633.5154619047626,544.8368,630.21356,434.4567
2024-05-24 09:15:00,651.59,510.01090000000016,585.1283,668.54114,482.41577
2024-05-24 09:30:00,694.49,591.6203999999996,695.2333,708.7344,499.74844
2024-05-24 09:45:00,737.27,659.0390761904765,722.36957,745.90295,562.58124
2024-05-24 10:00:00,775.37,756.5177000000006,755.02765,775.3785,629.45306
2024-05-24 10:15:00,814.71,629.5720619047622,738.525,800.586,646.8898
2024-05-24 10:30:00,846.26,766.1376000000004,833.28406,841.03186,698.6869
2024-05-24 10:45:00,873.78,807.9796,859.24835,837.4521,710.8214
2024-05-24 11:00:00,894.47,837.2761000000003,896.6785,842.90216,724.40845
2024-05-24 11:15:00,913.98,871.1192000000004,846.98016,848.9513,767.34406
2024-05-24 11:30:00,927.79,875.9211000000005,908.65466,857.4345,805.31506
2024-05-24 11:45:00,932.93,900.0515000000006,926.47485,835.9487,818.47345
2024-05-24 12:00:00,929.45,890.9466000000001,919.8158,832.14886,837.0312
2024-05-24 12:15:00,916.14,869.5550000000001,861.1919,821.4648,823.8342
2024-05-24 12:30:00,890.73,869.5743999999999,867.09845,793.7344,807.58984
2024-05-24 12:45:00,861.88,867.7099999999995,831.87616,773.8269,790.7742
2024-05-24 13:00:00,829.44,846.2178999999999,822.8919,727.94965,749.3847
2024-05-24 13:15:00,794.01,551.0874999999996,824.64154,702.8142,757.7997
2024-05-24 13:30:00,756.5,644.7214999999997,763.58276,654.0679,719.4663
2024-05-24 13:45:00,718.6,647.1221999999998,721.3941,605.92645,672.3785
2024-05-24 14:00:00,681.95,648.653209523809,675.4464,572.2731,627.5356
2024-05-24 14:15:00,646.91,610.1623000000004,607.7994,535.9125,594.6805
2024-05-24 14:30:00,622.91,634.4867310344831,588.7348,491.6785,577.7245
2024-05-24 14:45:00,596.61,616.4901000000006,503.79114,437.6181,503.24518
2024-05-24 15:00:00,574.2,546.9426000000001,488.07224,380.57108,485.2846
2024-05-24 15:15:00,552.65,590.4851181818183,409.64304,342.3312,461.00378
2024-05-24 15:30:00,530.66,613.8653778409091,369.7932,286.73492,392.44708
2024-05-24 15:45:00,503.25,541.5129197037038,312.328,255.23268,348.02707
2024-05-24 16:00:00,465.82,449.6179353708023,231.9936,210.10492,325.1176
2024-05-24 16:15:00,418.39,461.87600515051975,220.19835,157.37206,294.71262
2024-05-24 16:30:00,367.17,412.967244,175.49617,147.32541,254.07639
2024-05-24 16:45:00,313.52,325.5424,164.46915,105.97128,207.76433
2024-05-24 17:00:00,263.65,245.94439999999997,62.048176,82.69911,131.20926
2024-05-24 17:15:00,216.71,231.6244000000001,64.300644,62.15784,124.56423
2024-05-24 17:30:00,168.71,165.25990000000007,39.444378,72.4809,71.92638
2024-05-24 17:45:00,124.05,163.61970000000002,1.8515506,62.874744,85.35969
2024-05-24 18:00:00,86.59,148.12519999999998,39.141014,51.243862,55.09769
2024-05-24 18:15:00,53.62,84.49603214285709,0.0,58.28776,30.852446
2024-05-24 18:30:00,25.58,60.75630000000002,0.0,95.41276,9.404563
2024-05-24 18:45:00,7.95,16.6657,0.0,87.02803,27.121084
2024-05-24 19:00:00,1.85,6.130999999999999,0.0,98.66869,21.44442
2024-05-25 06:00:00,46.07,31.524599999999975,35.16809,107.47108,24.244133
2024-05-25 06:15:00,81.05,51.6862,67.25374,112.30372,46.141968
2024-05-25 06:30:00,122.67,92.09200000000004,68.083374,157.7641,69.234436
2024-05-25 06:45:00,166.5,164.03639999999993,110.95715,189.78412,79.06509
2024-05-25 07:00:00,212.31,244.15629999999996,154.54951,235.72069,111.92216
2024-05-25 07:15:00,260.79,253.89975785440615,174.46721,286.32672,147.06024
2024-05-25 07:30:00,314.27,284.2069594594594,238.12704,323.10196,169.3552
2024-05-25 07:45:00,367.62,378.69219999999984,293.1266,378.96567,212.24019
2024-05-25 08:00:00,419.08,415.692125925926,330.08633,416.02963,279.88373
2024-05-25 08:15:00,466.88,426.7951309523808,405.80496,476.04575,290.47778
2024-05-25 08:30:00,515.99,505.48170000000016,420.37433,524.69434,361.934
2024-05-25 08:45:00,569.29,539.6254999999999,533.9829,573.99335,385.00006
2024-05-25 09:00:00,619.83,598.8647000000007,540.37164,615.6253,442.37033
2024-05-25 09:15:00,663.48,632.0316999999998,584.0524,657.81177,476.94833
2024-05-25 09:30:00,704.18,598.7860999999995,695.1404,704.1502,493.5177
2024-05-25 09:45:00,726.11,626.4182761904768,723.3995,745.3348,545.25635
2024-05-25 10:00:00,767.8,784.1387000000004,754.5217,782.2571,606.2098
2024-05-25 10:15:00,811.6,773.2474000000001,739.39526,804.0555,611.00006
2024-05-25 10:30:00,844.95,821.4579,835.6284,852.93994,675.6335
2024-05-25 10:45:00,871.54,844.6447000000002,859.70496,854.75073,694.9165
2024-05-25 11:00:00,884.61,853.7665,902.1453,861.73425,687.47626
2024-05-25 11:15:00,901.24,894.2046000000008,850.0457,865.8922,734.9504
2024-05-25 11:30:00,913.57,918.5718000000004,913.8834,878.37305,767.5494
2024-05-25 11:45:00,922.49,919.7403000000006,932.74243,853.91425,762.9892
2024-05-25 12:00:00,899.14,927.9917000000008,925.56934,857.02014,795.1372
2024-05-25 12:15:00,888.02,913.2009000000004,868.59326,844.1316,772.9633
2024-05-25 12:30:00,869.92,866.5385999999999,876.49677,819.45776,754.58527
2024-05-25 12:45:00,844.95,858.471,840.5315,800.1353,741.2679
2024-05-25 13:00:00,818.79,848.2628000000005,829.11633,754.55817,699.6602
2024-05-25 13:15:00,773.81,814.0975999999999,834.9179,727.49927,709.1436
2024-05-25 13:30:00,734.14,745.2363275862066,771.7374,678.1682,666.1088
2024-05-25 13:45:00,581.43,646.5403330431035,732.11664,630.1391,625.17865
2024-05-25 14:00:00,425.85,609.8677999999996,684.18646,597.0155,576.2269
2024-05-25 14:15:00,522.11,592.1205892857142,619.9856,555.8822,551.54816
2024-05-25 14:30:00,496.1,621.6705000000001,598.09534,508.4498,522.672
2024-05-25 14:45:00,355.05,636.2371000000002,514.1868,451.24173,456.90967
2024-05-25 15:00:00,301.92,643.5405999999998,499.0518,391.48035,441.23166
2024-05-25 15:15:00,126.28,591.5056000000002,419.39682,352.6086,422.12473
2024-05-25 15:30:00,46.2,619.2324999999998,378.68768,289.39847,340.6304
2024-05-25 15:45:00,41.11,523.9828799130435,320.48218,260.54013,304.10425
2024-05-25 16:00:00,70.51,471.3893614256679,237.77481,205.49522,254.51324
2024-05-25 16:15:00,99.94,465.9598238095237,225.40607,151.8519,239.24821
2024-05-25 16:30:00,198.33,430.5944999999999,180.82527,142.43301,198.42477
2024-05-25 16:45:00,189.42,319.5288000000001,170.69817,94.07661,155.49002
2024-05-25 17:00:00,233.47,279.37440000000004,69.39443,68.83605,75.793594
2024-05-25 17:15:00,272.89,301.5358000000001,68.338776,40.9533,67.172844
2024-05-25 17:30:00,234.74,197.0473000000001,41.568237,51.58681,11.216073
2024-05-25 17:45:00,164.43,143.25620000000006,2.8788967,39.40572,27.610212
2024-05-25 18:00:00,104.39,106.18187267904509,38.899242,26.495594,1.4311043
2024-05-25 18:15:00,69.17,91.57610000000004,0.0,24.954975,0.0
2024-05-25 18:30:00,46.98,37.69079999999999,0.0,61.58345,0.0
2024-05-25 18:45:00,22.71,11.549169230769238,0.0,51.072628,0.0
2024-05-25 19:00:00,9.08,4.142785714285715,0.0,64.5124,0.0
2024-05-26 06:00:00,40.23,49.793747090909086,1.1713645,90.1366,0.0
2024-05-26 06:15:00,64.07,88.11369696969696,58.964447,103.6068,0.0
2024-05-26 06:30:00,92.01,116.114528,58.85014,150.61205,0.0
2024-05-26 06:45:00,128.17,154.51660000000007,97.513855,178.88866,0.0
2024-05-26 07:00:00,171.4,302.9817000000001,123.962074,226.30183,6.8975015
2024-05-26 07:15:00,212.59,292.5902594594596,160.32484,272.8211,58.204605
2024-05-26 07:30:00,252.41,315.8538000000001,204.98369,315.73923,89.432816
2024-05-26 07:45:00,296.93,381.0175,248.53539,364.81836,133.43109
2024-05-26 08:00:00,350.2,425.07439999999934,290.0391,401.80322,204.62614
2024-05-26 08:15:00,403.32,478.9273166666667,370.75906,461.49423,215.93227
2024-05-26 08:30:00,457.29,556.9893000000003,376.67117,510.67804,289.264
2024-05-26 08:45:00,502.04,497.9018241379312,477.23972,556.68646,328.95447
2024-05-26 09:00:00,533.21,539.1188000000008,473.109,596.0183,386.62033
2024-05-26 09:15:00,587.53,646.9553999999998,535.0761,637.1001,422.40353
2024-05-26 09:30:00,485.82,673.5256999999997,606.1898,682.63464,457.36456
2024-05-26 09:45:00,531.14,645.7342000000006,637.5246,721.32025,498.03958
2024-05-26 10:00:00,611.6,742.7878761904768,658.044,750.4724,557.53876
2024-05-26 10:15:00,643.99,767.0373000000002,674.9438,766.9938,603.89886
2024-05-26 10:30:00,742.58,826.4516,718.02606,820.16785,646.8238
2024-05-26 10:45:00,791.32,848.6371,746.01184,821.74097,657.5832
2024-05-26 11:00:00,816.37,867.6974000000004,765.3723,825.2842,649.503
2024-05-26 11:15:00,825.38,866.5014000000003,743.4939,827.4082,686.7377
2024-05-26 11:30:00,833.92,880.9879000000004,799.09265,841.02216,731.7331
2024-05-26 11:45:00,851.07,930.1770000000006,803.35205,810.6401,725.8626
2024-05-26 12:00:00,845.63,860.0246000000002,806.67883,811.10144,717.8919
2024-05-26 12:15:00,837.83,885.0531000000005,755.4108,797.6218,711.0498
2024-05-26 12:30:00,831.02,880.6863999999996,752.1216,771.9928,715.60297
2024-05-26 12:45:00,807.84,861.5840999999998,720.5799,749.00104,693.87476
2024-05-26 13:00:00,771.35,852.0958,722.9839,704.4327,651.8003
2024-05-26 13:15:00,749.75,698.7652999999997,689.256,678.3131,656.1112
2024-05-26 13:30:00,730.3,688.8755000000001,648.3886,630.3885,629.7316
2024-05-26 13:45:00,692.7,685.6899000000002,627.34644,576.32196,592.4818
2024-05-26 14:00:00,654.55,645.5903999999998,586.9337,545.06305,555.08154
2024-05-26 14:15:00,623.36,626.6880000000001,528.50555,508.78656,519.51965
2024-05-26 14:30:00,591.0,615.6229999999999,491.02573,456.22092,499.40985
2024-05-26 14:45:00,555.38,658.1006000000001,437.59146,403.76752,424.96396
2024-05-26 15:00:00,535.76,576.7639000000003,411.7838,343.40863,390.1819
2024-05-26 15:15:00,502.26,138.04690000000002,348.39914,307.3639,384.4185
2024-05-26 15:30:00,470.57,62.88869999999998,305.24332,245.44911,306.6692
2024-05-26 15:45:00,432.41,55.95344661538463,256.3089,223.30646,255.24754
2024-05-26 16:00:00,396.51,158.7625,188.63528,171.81654,220.18161
2024-05-26 16:15:00,346.11,157.9987,178.21082,122.23177,201.56587
2024-05-26 16:30:00,300.1,445.67570000000006,136.5715,106.94661,170.60646
2024-05-26 16:45:00,254.35,605.2589999999997,117.07575,61.08405,123.066124
2024-05-26 17:00:00,204.5,561.7395999999999,41.391033,41.310905,57.780037
2024-05-26 17:15:00,149.19,578.8511,31.820578,15.77191,49.132187
2024-05-26 17:30:00,103.73,541.2168999999999,21.555079,30.272053,0.0
2024-05-26 17:45:00,81.3,521.8054000000001,0.0,21.1239,7.2810206
2024-05-26 18:00:00,64.04,225.48490000000007,13.350561,9.655952,1.9441897
2024-05-26 18:15:00,43.55,86.3489873899204,0.0,5.5490427,0.0
2024-05-26 18:30:00,22.15,49.6301375,0.0,46.450054,0.0
2024-05-26 18:45:00,8.27,41.90328963210701,0.0,41.912582,0.0
2024-05-26 19:00:00,2.06,16.399000000000004,0.0,55.975574,0.0
2024-05-27 06:00:00,41.98,53.62031200000002,23.068169,98.58573,0.0
2024-05-27 06:15:00,68.29,69.0859,64.35876,114.92421,0.0
2024-05-27 06:30:00,98.74,77.32701444827588,63.45371,159.71376,13.148952
2024-05-27 06:45:00,138.8,116.20252799999996,104.30943,188.42064,14.270756
2024-05-27 07:00:00,162.14,158.7395,142.92967,236.58864,54.45272
2024-05-27 07:15:00,212.64,342.9029884615386,166.15395,283.42432,91.02745
2024-05-27 07:30:00,270.25,303.07500000000005,222.75902,323.80798,104.49557
2024-05-27 07:45:00,326.49,292.5455,275.12033,373.32428,166.5206
2024-05-27 08:00:00,376.1,413.042625925926,313.13196,412.68845,212.13316
2024-05-27 08:15:00,421.85,428.5354724358975,389.4288,468.92252,246.26302
2024-05-27 08:30:00,467.81,489.1288756283069,399.28302,517.44977,319.07007
2024-05-27 08:45:00,516.56,545.9368739130433,509.8839,562.20325,343.97308
2024-05-27 09:00:00,520.28,617.1903000000005,512.8766,602.1841,403.80933
2024-05-27 09:15:00,537.33,648.4149000000004,560.97455,643.00415,457.13144
2024-05-27 09:30:00,508.54,626.3389,658.28455,687.05756,476.5358
2024-05-27 09:45:00,440.57,607.5579000000002,687.0332,725.1492,536.7929
2024-05-27 10:00:00,627.99,662.2171000000008,716.9965,753.1569,561.615
2024-05-27 10:15:00,747.0,715.4341000000003,711.29767,773.3363,573.79395
2024-05-27 10:30:00,802.83,702.6483000000002,791.00824,817.3315,632.758
2024-05-27 10:45:00,818.15,784.0244999999999,817.0267,819.4586,647.7987
2024-05-27 11:00:00,831.89,773.2325000000003,851.8611,825.32837,654.54034
2024-05-27 11:15:00,850.03,814.6161000000004,808.1775,826.81476,712.2894
2024-05-27 11:30:00,863.46,830.2265000000002,871.3116,836.9598,727.9183
2024-05-27 11:45:00,860.85,869.3127,884.5076,809.97314,738.8508
2024-05-27 12:00:00,854.9,866.5487,880.74036,808.32623,742.14624
2024-05-27 12:15:00,863.49,853.4171,824.8456,794.98804,735.0896
2024-05-27 12:30:00,840.64,865.4483000000001,831.54767,767.95215,709.8933
2024-05-27 12:45:00,823.66,819.1319000000005,796.1293,744.86395,710.63727
2024-05-27 13:00:00,783.5,793.1073999999999,789.7277,700.1057,667.7384
2024-05-27 13:15:00,740.48,702.1270000000002,783.95294,672.4323,679.4368
2024-05-27 13:30:00,702.93,687.1248000000003,728.4712,624.6054,635.5117
2024-05-27 13:45:00,670.08,623.2949999999997,694.6485,574.35846,624.1938
2024-05-27 14:00:00,643.51,663.44949,649.15015,541.07544,558.96045
2024-05-27 14:15:00,509.61,672.1404000000001,586.64905,501.99463,533.8192
2024-05-27 14:30:00,358.28,684.0318000000005,562.2167,452.90723,509.93103
2024-05-27 14:45:00,531.33,594.7027000000002,488.4152,400.59406,457.11795
2024-05-27 15:00:00,525.17,587.373,469.54926,341.51886,446.7523
2024-05-27 15:15:00,477.23,568.707,394.58115,302.37466,403.45193
2024-05-27 15:30:00,460.49,508.0027999999997,354.60483,245.66345,321.94827
2024-05-27 15:45:00,406.85,501.9581999999997,298.75186,222.37143,299.466
2024-05-27 16:00:00,244.56,507.2011999999999,223.31143,172.87398,269.1883
2024-05-27 16:15:00,247.82,498.7910999999999,211.40129,123.05211,236.28044
2024-05-27 16:30:00,269.19,415.2549999999998,167.56752,107.94197,186.70114
2024-05-27 16:45:00,252.81,583.5364000000002,153.73943,65.03796,143.9032
2024-05-27 17:00:00,222.27,377.26620000000014,61.31081,44.615906,66.29375
2024-05-27 17:15:00,184.08,155.384,59.15515,22.755133,50.726696
2024-05-27 17:30:00,141.55,116.65286399999997,37.24881,35.041847,0.0
2024-05-27 17:45:00,105.65,84.31957272727273,0.0,23.314013,1.9216633
2024-05-27 18:00:00,76.16,70.3286,30.412508,16.737822,3.229143
2024-05-27 18:15:00,47.9,50.80159999999999,0.0,15.717546,0.0
2024-05-27 18:30:00,24.99,24.62125757575757,0.0,54.70517,0.0
2024-05-27 18:45:00,8.96,9.923769230769238,0.0,51.817665,0.0
2024-05-27 19:00:00,2.21,4.08308916256158,0.0,65.48362,0.0
2024-05-28 06:00:00,50.95,53.530299999999976,16.52745,111.067825,7.988328
2024-05-28 06:15:00,82.99,70.3915,60.769333,126.5518,8.770363
2024-05-28 06:30:00,123.71,76.65344890282135,58.381363,169.278,36.800983
2024-05-28 06:45:00,169.59,110.623828,97.834984,196.24995,54.64869
2024-05-28 07:00:00,218.24,173.0339,135.05344,244.26093,84.6011
2024-05-28 07:15:00,269.91,290.09788846153856,158.96321,291.78033,136.92413
2024-05-28 07:30:00,319.24,266.6067318732524,213.48532,328.0638,164.79066
2024-05-28 07:45:00,371.24,343.69019999999995,264.82562,378.76193,219.7119
2024-05-28 08:00:00,423.24,385.614,304.87122,416.66266,289.15656
2024-05-28 08:15:00,477.4,430.4713058803417,381.96896,473.36526,305.77145
2024-05-28 08:30:00,531.63,492.4608996286398,390.19244,518.7276,376.55588
2024-05-28 08:45:00,582.2,593.4955000000004,504.84845,565.3097,422.98447
2024-05-28 09:00:00,629.94,613.5418000000004,503.90787,607.68713,472.4712
2024-05-28 09:15:00,673.66,648.3641000000005,557.9519,647.3246,501.8451
2024-05-28 09:30:00,714.92,631.4606,652.84503,690.7703,539.89166
2024-05-28 09:45:00,754.41,629.6573999999996,682.6593,730.20996,586.7983
2024-05-28 10:00:00,791.93,769.7494000000005,711.4141,758.97034,646.69
2024-05-28 10:15:00,828.82,688.2741000000001,709.82336,783.4693,663.41205
2024-05-28 10:30:00,859.56,703.5133000000002,785.9408,823.8878,733.1255
2024-05-28 10:45:00,883.49,798.3104000000003,809.29297,826.65735,740.27136
2024-05-28 11:00:00,906.85,816.1745000000003,847.7656,835.14075,742.78186
2024-05-28 11:15:00,925.73,866.4449999999998,805.46375,839.8473,787.07043
2024-05-28 11:30:00,934.59,876.5021999999997,869.98035,848.1661,819.70135
2024-05-28 11:45:00,934.62,867.0839,883.84985,825.2971,834.67145
2024-05-28 12:00:00,923.29,873.8659999999996,880.27875,823.8994,828.3669
2024-05-28 12:15:00,910.91,876.3956999999997,824.8659,814.2547,821.7558
2024-05-28 12:30:00,893.16,821.3878000000001,832.79706,786.2864,812.7546
2024-05-28 12:45:00,871.06,831.4839000000005,797.73865,765.54395,790.72614
2024-05-28 13:00:00,833.72,796.7438999999996,790.323,720.89734,758.95465
2024-05-28 13:15:00,800.13,697.7771000000001,784.31946,694.50134,760.9632
2024-05-28 13:30:00,762.72,677.8224076923076,730.29034,647.2589,729.22656
2024-05-28 13:45:00,721.22,648.7447076923075,699.899,600.70795,691.257
2024-05-28 14:00:00,686.4,671.7878285714289,652.6352,567.6133,640.4591
2024-05-28 14:15:00,652.05,635.4543000000001,594.1896,526.92456,620.5829
2024-05-28 14:30:00,617.84,676.1095,564.40576,482.3584,590.63043
2024-05-28 14:45:00,593.27,595.5197000000002,495.4025,428.98364,538.36237
2024-05-28 15:00:00,577.49,600.0874000000002,475.54184,370.7352,508.46954
2024-05-28 15:15:00,558.64,550.2256999999997,401.33862,327.7077,478.22208
2024-05-28 15:30:00,529.46,539.7915,359.07056,274.2221,408.61053
2024-05-28 15:45:00,499.22,501.76429999999993,304.12036,249.28302,376.44806
2024-05-28 16:00:00,473.03,377.6343,224.89426,200.66202,344.9174
2024-05-28 16:15:00,437.09,364.3643,213.95078,147.56671,319.2862
2024-05-28 16:30:00,374.09,579.8767000000003,170.00049,133.31917,291.43362
2024-05-28 16:45:00,329.72,551.4461000000002,154.84875,89.53191,238.07466
2024-05-28 17:00:00,275.51,455.6009999999999,65.84202,65.532005,158.71548
2024-05-28 17:15:00,234.73,249.6035,59.74044,46.324284,147.26845
2024-05-28 17:30:00,186.09,174.32419999999996,37.071392,55.653206,94.943665
2024-05-28 17:45:00,134.47,156.4369,0.23756687,40.574688,99.55873
2024-05-28 18:00:00,91.14,88.50783888888881,29.095667,34.8249,80.83637
2024-05-28 18:15:00,57.98,58.706100000000006,0.0,33.571625,50.185238
2024-05-28 18:30:00,30.16,37.3788,0.0,71.88111,20.980486
2024-05-28 18:45:00,10.31,12.017269230769244,0.0,66.87775,49.26849
2024-05-28 19:00:00,2.5,4.11648916256158,0.0,77.77549,50.84568
2024-05-29 06:00:00,54.69,54.98050000000004,57.93705,137.225,53.935852
2024-05-29 06:15:00,86.84,88.37069696969698,75.22442,146.34172,64.80469
2024-05-29 06:30:00,125.69,114.939628,83.7168,188.76915,93.074585
2024-05-29 06:45:00,163.63,153.83301600000004,133.88762,226.7596,104.68452
2024-05-29 07:00:00,209.29,298.10730000000007,178.62897,275.77716,141.7819
2024-05-29 07:15:00,259.7,264.9386999999999,197.73544,328.7803,184.70319
2024-05-29 07:30:00,312.59,317.1292000000002,269.74762,365.7178,202.21048
2024-05-29 07:45:00,365.82,397.2145,327.5009,423.61612,252.44257
2024-05-29 08:00:00,418.85,430.05839999999966,361.07315,462.4141,316.74194
2024-05-29 08:15:00,471.56,457.6079000000001,437.35892,522.2197,328.4409
2024-05-29 08:30:00,521.7,499.6707000000002,459.2418,568.8024,390.51483
2024-05-29 08:45:00,569.84,588.1464000000002,565.4253,619.50885,423.639
2024-05-29 09:00:00,618.1,500.42960000000033,582.1215,660.6407,470.31622
2024-05-29 09:15:00,669.35,576.761089285714,614.933,703.42535,496.6986
2024-05-29 09:30:00,715.04,574.9602159999998,737.5333,745.7005,525.6129
2024-05-29 09:45:00,755.55,596.5263000000003,763.27747,787.30505,592.6616
2024-05-29 10:00:00,794.44,745.1997000000002,796.6286,822.1743,649.07794
2024-05-29 10:15:00,826.31,732.3028999999998,768.0203,847.39813,650.9207
2024-05-29 10:30:00,856.37,814.1065999999998,882.2714,888.01794,717.9431
2024-05-29 10:45:00,882.92,820.5301000000004,907.0189,885.4005,720.90405
2024-05-29 11:00:00,906.24,821.6211000000001,951.37555,891.4412,715.8359
2024-05-29 11:15:00,926.16,900.6291000000007,893.5136,895.4608,771.97876
2024-05-29 11:30:00,925.73,913.5795000000004,950.94684,903.77295,797.11597
2024-05-29 11:45:00,925.01,917.5700000000008,974.5711,881.2931,801.22516
2024-05-29 12:00:00,917.38,930.2596000000004,963.0701,878.3534,808.1491
2024-05-29 12:15:00,905.05,890.5390000000004,902.99426,864.6195,803.87036
2024-05-29 12:30:00,887.3,870.1356000000003,909.5826,836.3578,782.3031
2024-05-29 12:45:00,854.5,858.1384000000003,874.4352,815.0183,776.52045
2024-05-29 13:00:00,819.19,840.8542000000001,860.47345,766.73566,727.61865
2024-05-29 13:15:00,785.15,781.6657999999999,872.2922,736.5081,725.37146
2024-05-29 13:30:00,746.77,781.831703776683,806.0767,684.565,691.3394
2024-05-29 13:45:00,709.85,642.2606000000003,751.5953,637.354,670.84155
2024-05-29 14:00:00,674.06,589.7990851851848,707.84827,599.4694,606.90717
2024-05-29 14:15:00,644.09,621.8213073280423,634.5654,556.3239,594.7009
2024-05-29 14:30:00,614.14,603.8443,621.7689,510.34082,568.9155
2024-05-29 14:45:00,591.43,662.1235000000004,525.135,451.66318,505.0877
2024-05-29 15:00:00,570.47,637.9450117647059,511.76993,392.53616,488.8013
2024-05-29 15:15:00,545.52,588.5225000000002,429.57645,351.33682,466.8838
2024-05-29 15:30:00,534.06,619.3063999999999,391.97922,292.64056,393.828
2024-05-29 15:45:00,518.01,526.8702599130435,329.37326,259.31805,357.90863
2024-05-29 16:00:00,489.5,449.714196875,244.03877,206.86589,328.07947
2024-05-29 16:15:00,449.98,452.8811238095237,232.32208,153.26944,305.749
2024-05-29 16:30:00,396.96,415.816244,189.68747,144.1669,264.4283
2024-05-29 16:45:00,332.29,370.9217000000001,179.39206,100.555565,222.43878
2024-05-29 17:00:00,277.16,275.8481830082391,67.70454,75.37434,129.93275
2024-05-29 17:15:00,225.81,245.3206518518519,72.82516,52.227943,120.42937
2024-05-29 17:30:00,176.89,244.40649999999988,42.738113,62.408306,72.8402
2024-05-29 17:45:00,130.9,130.07500000000005,8.665063,50.339306,70.57848
2024-05-29 18:00:00,90.28,93.69530344827584,52.26142,40.52417,57.860928
2024-05-29 18:15:00,54.33,69.71859999999997,3.9499772,48.55513,40.92155
2024-05-29 18:30:00,26.37,48.28340000000001,1.0502617,84.09118,5.7991133
2024-05-29 18:45:00,8.46,14.959900000000008,3.860708,75.846306,31.547647
2024-05-29 19:00:00,2.03,5.305,0.0,89.78167,27.035458
2024-05-30 06:00:00,35.01,72.8918,50.42144,128.98596,81.45704
2024-05-30 06:15:00,60.71,88.2176,72.735146,134.51657,74.63735
2024-05-30 06:30:00,37.71,131.51422799999992,78.09685,181.77205,119.13325
2024-05-30 06:45:00,36.76,157.9399,125.66463,217.7321,130.88223
2024-05-30 07:00:00,57.05,294.8312,172.66887,265.79626,158.20187
2024-05-30 07:15:00,108.63,292.7633392857145,192.25182,319.43878,186.06435
2024-05-30 07:30:00,179.5,310.07530000000014,261.81064,357.9318,196.72453
2024-05-30 07:45:00,167.85,385.6886,319.29004,416.2658,242.21098
2024-05-30 08:00:00,116.98,410.8220999999997,353.6717,450.5043,291.0941
2024-05-30 08:15:00,127.54,481.7833000000002,430.5891,515.52185,301.73657
2024-05-30 08:30:00,214.11,517.0037347826087,450.11182,561.5249,359.78632
2024-05-30 08:45:00,372.85,502.12614,559.1313,614.2901,387.25418
2024-05-30 09:00:00,383.9,514.4047296296297,571.3946,655.9407,439.04276
2024-05-30 09:15:00,502.32,587.0264892857139,608.1334,697.3626,472.90298
2024-05-30 09:30:00,670.21,605.8307456818181,727.23486,741.90704,472.08426
2024-05-30 09:45:00,726.65,629.6590000000003,753.2075,783.253,558.832
2024-05-30 10:00:00,771.12,762.0627000000003,787.0467,817.9238,607.8052
2024-05-30 10:15:00,797.97,781.7515000000001,762.7067,838.7283,609.93146
2024-05-30 10:30:00,824.75,824.3463,870.17175,890.08325,660.1233
2024-05-30 10:45:00,852.59,853.443,894.4305,886.5999,659.51105
2024-05-30 11:00:00,886.87,861.0106000000003,936.4882,889.7964,664.5455
2024-05-30 11:15:00,895.07,900.1055000000001,881.2515,894.66565,719.9313
2024-05-30 11:30:00,897.63,919.9315000000004,941.38477,906.02527,729.9418
2024-05-30 11:45:00,896.0,918.2940000000004,962.3177,878.33984,734.7737
2024-05-30 12:00:00,888.71,918.9346000000004,953.40216,877.8429,758.1024
2024-05-30 12:15:00,880.46,882.2507,893.08765,864.4737,748.5721
2024-05-30 12:30:00,861.02,884.9396000000003,899.01276,836.7842,717.2189
2024-05-30 12:45:00,832.46,868.4660999999995,863.2128,815.19904,748.12933
2024-05-30 13:00:00,798.56,829.0654000000003,849.6547,766.43134,694.45105
2024-05-30 13:15:00,759.11,687.5792999999995,859.7285,738.12036,699.45056
2024-05-30 13:30:00,734.14,651.4417999999997,794.13293,685.8557,679.0096
2024-05-30 13:45:00,702.73,668.3830151515149,745.0847,633.44305,640.7589
2024-05-30 14:00:00,671.22,623.5775999999996,698.8458,598.9728,605.90344
2024-05-30 14:15:00,638.86,600.7917000000001,627.42975,558.71075,599.0303
2024-05-30 14:30:00,614.36,629.0302,611.888,509.90533,561.47455
2024-05-30 14:45:00,588.04,658.3705000000003,517.901,451.0795,508.44128
2024-05-30 15:00:00,570.42,582.795464,504.8109,389.8674,504.81818
2024-05-30 15:15:00,481.89,598.6059185185188,422.54425,351.2135,467.16116
2024-05-30 15:30:00,382.4,617.3748185185186,384.061,286.628,401.52094
2024-05-30 15:45:00,488.97,621.1837223076925,323.38196,256.48218,365.92853
2024-05-30 16:00:00,456.0,517.8962060000001,239.21576,203.51266,335.08453
2024-05-30 16:15:00,423.5,416.6390053763441,226.8853,148.62079,312.83615
2024-05-30 16:30:00,377.02,438.4126999999999,182.06451,140.21924,292.72208
2024-05-30 16:45:00,324.84,373.5618999999999,173.85426,92.41873,248.5215
2024-05-30 17:00:00,267.19,273.4351580645161,65.42142,67.94758,156.35793
2024-05-30 17:15:00,228.65,296.58047407407423,67.195114,42.2977,158.38791
2024-05-30 17:30:00,179.54,214.14180000000005,39.09533,56.091026,104.092896
2024-05-30 17:45:00,130.32,167.04260000000005,3.9848468,47.042976,126.56321
2024-05-30 18:00:00,90.5,130.82459999999995,44.726063,32.661102,112.28264
2024-05-30 18:15:00,58.9,100.77749999999996,0.0,35.373383,94.105804
2024-05-30 18:30:00,32.7,38.06909999999999,0.0,76.22008,69.288
2024-05-30 18:45:00,12.96,10.895069230769236,0.86780536,65.67594,74.65155
2024-05-30 19:00:00,3.71,4.2338000000000005,0.0,80.8127,75.40448
2024-05-31 06:00:00,57.75,55.91170000000001,47.491116,121.83272,10.5352955
2024-05-31 06:15:00,90.26,78.23539999999997,69.67702,130.55336,30.507402
2024-05-31 06:30:00,128.32,63.38801200000004,78.1029,174.44914,54.111965
2024-05-31 06:45:00,171.96,62.048500000000026,120.194786,204.66943,78.977936
2024-05-31 07:00:00,216.95,72.00661111111107,146.92914,251.0649,126.878044
2024-05-31 07:15:00,259.91,130.860248,164.2442,300.56335,171.81998
2024-05-31 07:30:00,309.78,273.4406000000001,228.53423,337.13354,212.28282
2024-05-31 07:45:00,365.26,466.67540000000014,281.39893,389.40875,255.41702
2024-05-31 08:00:00,419.16,292.66610000000003,312.73187,424.08438,314.78778
2024-05-31 08:15:00,474.27,287.9126,384.4587,485.1556,317.56702
2024-05-31 08:30:00,528.87,398.2368000000001,400.52853,529.21643,394.84808
2024-05-31 08:45:00,581.78,529.9584999999998,507.63733,578.5365,405.37537
2024-05-31 09:00:00,629.6,485.2092999999999,528.2099,621.64465,489.44598
2024-05-31 09:15:00,671.7,549.0560999999999,561.23987,661.4687,528.56287
2024-05-31 09:30:00,707.84,663.1168999999994,678.87866,705.4684,547.96265
2024-05-31 09:45:00,742.73,654.3888000000003,708.0543,745.60724,634.0007
2024-05-31 10:00:00,778.67,780.6814000000003,735.8538,776.09753,688.64734
2024-05-31 10:15:00,810.42,803.5608000000004,710.24084,800.3131,720.39825
2024-05-31 10:30:00,836.84,804.4157000000005,826.6116,847.34985,789.1833
2024-05-31 10:45:00,861.36,847.8675999999997,851.29846,847.5988,799.94934
2024-05-31 11:00:00,884.63,866.4498000000003,913.3122,854.74677,785.6218
2024-05-31 11:15:00,899.75,861.8409000000003,845.4139,861.4955,841.2498
2024-05-31 11:30:00,905.93,840.1625000000001,907.4105,872.6339,843.13184
2024-05-31 11:45:00,904.74,862.1792999999999,937.1273,848.20685,864.5915
2024-05-31 12:00:00,902.84,878.1653999999999,922.02954,848.3473,880.0581
2024-05-31 12:15:00,894.4,864.7315000000002,871.3735,839.13354,869.9264
2024-05-31 12:30:00,872.72,871.0158999999996,890.1868,812.9798,852.2726
2024-05-31 12:45:00,845.09,860.6047000000004,854.8103,792.9152,846.96155
2024-05-31 13:00:00,814.89,803.0270000000002,844.1303,747.1976,803.08887
2024-05-31 13:15:00,777.32,719.2255999999999,861.9432,722.9608,797.32886
2024-05-31 13:30:00,743.5,694.9209000000003,797.2143,674.2191,762.8668
2024-05-31 13:45:00,707.73,677.3732,745.85876,625.4777,711.90564
2024-05-31 14:00:00,670.67,636.0907000000002,708.2494,592.622,656.62585
2024-05-31 14:15:00,629.79,665.9480000000005,647.4851,554.4085,632.1834
2024-05-31 14:30:00,587.93,664.7648000000002,634.88226,507.42267,603.5165
2024-05-31 14:45:00,559.45,650.9893000000006,549.1452,453.08057,538.4201
2024-05-31 15:00:00,548.14,595.3441000000001,532.8718,393.8551,518.8771
2024-05-31 15:15:00,528.39,560.6364999999997,457.96634,353.4063,480.09818
2024-05-31 15:30:00,512.63,543.2439391304348,417.33755,294.9342,411.4927
2024-05-31 15:45:00,484.29,495.97068,353.39594,265.96048,355.75134
2024-05-31 16:00:00,449.79,419.4105980420846,269.3346,217.42683,308.26086
2024-05-31 16:15:00,403.01,458.5745916392993,259.34308,163.06549,299.54785
2024-05-31 16:30:00,356.17,385.1237,229.34561,150.21202,244.68297
2024-05-31 16:45:00,305.19,326.8188999999999,208.27876,103.52489,201.44331
2024-05-31 17:00:00,257.4,245.18249999999995,95.59535,79.181465,126.619385
2024-05-31 17:15:00,211.01,215.0466,110.08132,55.963737,97.7084
2024-05-31 17:30:00,168.08,197.84420000000003,76.3991,65.94497,50.82366
2024-05-31 17:45:00,129.3,184.51530000000005,26.498201,54.66143,60.291897
2024-05-31 18:00:00,92.45,119.736444,73.306595,40.932194,21.90235
2024-05-31 18:15:00,58.68,62.09547845975232,23.773851,41.106907,0.0
2024-05-31 18:30:00,31.04,39.81737826086958,17.488485,80.499825,0.0
2024-05-31 18:45:00,11.01,14.7489724137931,3.431731,70.97347,0.0
2024-05-31 19:00:00,2.72,6.2003,0.0,82.18361,0.0
2024-06-01 06:00:00,46.85,65.29854999999999,36.681183,122.89953,0.0
2024-06-01 06:15:00,75.23,83.1096962962963,67.23216,132.78487,0.0
2024-06-01 06:30:00,110.28,113.74995454545451,65.81479,174.84308,30.001434
2024-06-01 06:45:00,151.24,152.66500000000005,107.99904,204.21675,48.73189
2024-06-01 07:00:00,197.49,349.93570000000017,154.06035,252.4627,89.50879
2024-06-01 07:15:00,239.85,318.67689999999993,171.09428,301.46393,124.2739
2024-06-01 07:30:00,288.15,324.2241000000001,237.68646,338.94867,165.42384
2024-06-01 07:45:00,336.35,379.51580000000007,293.61975,391.97775,221.27031
2024-06-01 08:00:00,386.04,397.1880999999999,331.222,427.35068,272.1061
2024-06-01 08:15:00,430.51,462.6548045454548,406.82742,490.0904,285.55618
2024-06-01 08:30:00,470.81,552.9178000000002,420.708,534.977,347.89243
2024-06-01 08:45:00,526.31,586.0162692307692,540.5762,586.2374,366.81635
2024-06-01 09:00:00,573.29,569.0649370909093,545.1208,629.77966,416.5874
2024-06-01 09:15:00,645.45,650.6579999999998,589.4459,671.2375,449.526
2024-06-01 09:30:00,700.76,647.6346,706.9348,715.305,458.02988
2024-06-01 09:45:00,749.1,650.4472761904769,734.6337,759.22003,550.4397
2024-06-01 10:00:00,674.72,791.2214000000002,767.5387,792.91315,616.7255
2024-06-01 10:15:00,755.17,741.5099999999999,749.0224,818.0854,630.51636
2024-06-01 10:30:00,805.19,684.7597999999998,852.0934,867.3672,697.6989
2024-06-01 10:45:00,848.15,845.5814999999999,875.018,868.22363,703.5855
2024-06-01 11:00:00,877.52,877.3807000000002,922.91376,875.8319,707.8742
2024-06-01 11:15:00,886.4,850.7262000000005,866.54926,884.87,760.5144
2024-06-01 11:30:00,900.38,881.2685000000005,933.06384,896.3239,775.67175
2024-06-01 11:45:00,843.05,883.9361000000002,954.7843,873.8509,793.27563
2024-06-01 12:00:00,858.17,885.7770000000002,946.515,874.40784,806.0963
2024-06-01 12:15:00,846.48,878.1710999999999,888.4626,867.2167,806.39197
2024-06-01 12:30:00,841.27,885.4142000000003,899.1279,840.3221,779.43945
2024-06-01 12:45:00,825.12,823.1192000000001,862.6052,821.5496,760.499
2024-06-01 13:00:00,798.1,765.1169999999998,848.6083,776.0697,713.5527
2024-06-01 13:15:00,750.22,677.0046999999995,860.9914,751.85767,707.36285
2024-06-01 13:30:00,725.28,694.4447,794.41394,703.04663,682.7527
2024-06-01 13:45:00,702.41,700.0005000000001,754.9573,655.13794,637.1706
2024-06-01 14:00:00,657.59,672.0471000000003,704.1155,622.136,583.45044
2024-06-01 14:15:00,618.95,707.7172090909095,641.3979,582.17786,559.9721
2024-06-01 14:30:00,588.99,686.0646000000007,618.8982,535.62415,543.78784
2024-06-01 14:45:00,583.17,658.9099000000002,533.12115,479.06244,461.25943
2024-06-01 15:00:00,569.69,645.0022000000004,519.0354,419.44662,448.9302
2024-06-01 15:15:00,561.25,635.7688000000002,436.37982,376.8066,426.86386
2024-06-01 15:30:00,407.7,610.7536000000002,395.23712,318.00073,344.40836
2024-06-01 15:45:00,121.71,521.1656894736843,335.24863,288.56302,289.72354
2024-06-01 16:00:00,331.88,416.1190666666665,247.92868,235.2717,265.42746
2024-06-01 16:15:00,453.99,477.7030669365079,237.24205,179.74695,237.8576
2024-06-01 16:30:00,374.62,432.442544,190.52647,166.16888,197.35884
2024-06-01 16:45:00,132.99,320.2490933333334,181.3346,117.5945,166.77158
2024-06-01 17:00:00,97.83,308.43819999999994,77.587204,90.327225,68.805
2024-06-01 17:15:00,270.81,319.68230000000005,75.29237,66.71988,57.04471
2024-06-01 17:30:00,214.68,226.8702,45.408134,75.20195,5.819161
2024-06-01 17:45:00,151.34,165.55870000000004,5.0459986,60.73283,22.495975
2024-06-01 18:00:00,101.54,169.89200000000002,43.25451,47.31331,0.0
2024-06-01 18:15:00,62.11,68.38399999999994,0.0,46.284428,0.0
2024-06-01 18:30:00,34.14,49.19419999999999,0.0,83.633156,0.0
2024-06-01 18:45:00,14.85,15.306590000000009,0.0,73.95377,0.0
2024-06-01 19:00:00,4.68,6.0807,0.0,82.63455,0.0
2024-06-02 06:00:00,27.41,48.26659999999999,27.424755,116.54976,0.0
2024-06-02 06:15:00,48.76,80.15049999999998,64.93643,127.48023,0.0
2024-06-02 06:30:00,45.8,116.84550000000006,61.683277,172.64142,44.965042
2024-06-02 06:45:00,66.18,140.05105817992808,103.11982,200.32994,51.57526
2024-06-02 07:00:00,81.48,216.35527647058825,143.91978,247.97298,85.12235
2024-06-02 07:15:00,119.02,254.7381000000001,162.29465,296.8912,114.22424
2024-06-02 07:30:00,170.67,282.54349999999994,223.05354,334.90097,139.49438
2024-06-02 07:45:00,204.67,364.9245999999998,277.00668,387.71973,175.0182
2024-06-02 08:00:00,281.33,371.7379565217391,315.4753,420.6493,215.76524
2024-06-02 08:15:00,270.25,434.3544999999998,388.93094,484.29016,242.69109
2024-06-02 08:30:00,293.2,502.0305000000001,400.9083,527.8495,306.93185
2024-06-02 08:45:00,335.52,557.5667423076925,517.2559,578.9982,309.48932
2024-06-02 09:00:00,391.4,536.5381,519.879,621.38556,365.00238
2024-06-02 09:15:00,335.42,494.2012000000001,565.15985,660.72217,408.0065
2024-06-02 09:30:00,450.84,639.2696999999997,671.21936,705.10913,402.91815
2024-06-02 09:45:00,410.27,658.0444000000003,700.473,746.3898,505.66385
2024-06-02 10:00:00,527.53,686.5561999999996,731.0833,777.38586,552.541
2024-06-02 10:15:00,704.65,666.2528000000003,719.5588,799.14966,573.9819
2024-06-02 10:30:00,585.5,767.1381000000001,810.5781,850.6047,624.1684
2024-06-02 10:45:00,511.02,850.0137000000001,835.7313,850.61865,649.1481
2024-06-02 11:00:00,385.59,865.6275000000002,877.2967,855.90094,634.12695
2024-06-02 11:15:00,356.07,867.6797000000005,827.7362,863.43896,689.4336
2024-06-02 11:30:00,781.8,879.6351000000004,892.2266,874.72076,711.66394
2024-06-02 11:45:00,758.89,832.3525000000003,910.3815,848.8711,721.4634
2024-06-02 12:00:00,433.36,865.935,902.4334,848.96875,751.6553
2024-06-02 12:15:00,435.13,877.6729999999998,848.10864,840.62054,732.90717
2024-06-02 12:30:00,846.89,839.9876000000003,857.6628,812.71606,716.9179
2024-06-02 12:45:00,824.03,854.4756000000006,823.09894,792.7048,733.55194
2024-06-02 13:00:00,663.34,790.7556000000001,813.56,747.0213,667.93335
2024-06-02 13:15:00,680.79,697.0718,815.6259,722.6145,666.6639
2024-06-02 13:30:00,805.22,692.4894000000002,754.4032,674.13336,646.33014
2024-06-02 13:45:00,754.4,676.8416,719.7834,622.96857,613.6694
2024-06-02 14:00:00,720.8,674.5490185714286,670.7169,592.1153,563.8593
2024-06-02 14:15:00,665.43,686.4827000000001,611.10376,554.0087,551.5456
2024-06-02 14:30:00,633.43,673.1788000000006,586.81195,507.0636,525.64154
2024-06-02 14:45:00,628.47,670.1542000000005,510.03836,451.61392,458.77832
2024-06-02 15:00:00,582.73,583.9999000000004,492.94653,391.4841,450.16962
2024-06-02 15:15:00,452.47,592.2369000000001,415.6026,350.6243,428.9459
2024-06-02 15:30:00,518.35,535.0868,374.70654,290.85226,347.07538
2024-06-02 15:45:00,497.09,131.09110000000007,317.42316,265.57397,310.26782
2024-06-02 16:00:00,463.22,424.4115,235.7545,214.49673,274.3588
2024-06-02 16:15:00,410.99,529.5003999999996,225.11676,159.412,257.28647
2024-06-02 16:30:00,363.0,446.1529254935063,180.0788,146.62836,229.81377
2024-06-02 16:45:00,304.79,129.3749279999999,167.80818,98.544304,191.29439
2024-06-02 17:00:00,253.6,77.46629259259264,70.83164,73.393005,90.24167
2024-06-02 17:15:00,206.41,260.9255814056454,70.398094,51.152115,86.13718
2024-06-02 17:30:00,163.97,309.1335,43.975597,62.93642,31.88189
2024-06-02 17:45:00,123.16,166.19220000000007,3.2775793,50.414097,56.72597
2024-06-02 18:00:00,86.69,167.22482499999998,36.877026,38.403717,33.022186
2024-06-02 18:15:00,56.0,90.1610022969188,0.0,35.017757,14.033642
2024-06-02 18:30:00,32.08,58.07701200000004,0.0,76.34956,0.0
2024-06-02 18:45:00,12.93,56.38753750000001,0.0,67.85842,0.0
2024-06-02 19:00:00,3.63,7.686303809523808,0.0,78.49336,7.4870934
2024-06-03 06:00:00,40.91,34.0333875,12.117503,103.55025,14.3906
2024-06-03 06:15:00,65.16,52.03892750000001,47.623528,115.00243,9.643425
2024-06-03 06:30:00,95.44,47.763174826203205,44.805428,154.09863,47.458187
2024-06-03 06:45:00,129.76,83.74,79.76173,178.94635,67.21377
2024-06-03 07:00:00,166.72,193.25500000000005,110.50098,221.88147,117.78214
2024-06-03 07:15:00,209.22,222.8084,125.86558,266.198,133.45659
2024-06-03 07:30:00,256.07,275.1938999999999,174.43034,299.11453,175.65344
2024-06-03 07:45:00,304.13,446.9987000000001,223.4565,345.58734,224.63666
2024-06-03 08:00:00,355.1,445.0289000000003,261.7208,383.73764,282.22128
2024-06-03 08:15:00,406.14,432.0082000000001,326.2048,435.44904,283.04373
2024-06-03 08:30:00,453.35,426.3264000000001,335.79324,479.48764,348.53934
2024-06-03 08:45:00,497.75,593.5584999999998,451.36618,522.60394,371.25397
2024-06-03 09:00:00,541.97,619.1348999999999,454.08267,565.09924,411.60266
2024-06-03 09:15:00,587.5,669.3891000000003,503.12878,603.9771,456.14893
2024-06-03 09:30:00,631.73,665.9092999999999,593.4938,647.6916,465.04504
2024-06-03 09:45:00,670.59,704.2775999999999,627.0859,684.8419,550.89935
2024-06-03 10:00:00,706.62,670.5567000000003,655.1603,713.3451,608.10333
2024-06-03 10:15:00,735.41,709.9560999999998,648.3322,741.243,621.2859
2024-06-03 10:30:00,758.97,732.4911000000002,737.7308,777.9983,681.7136
2024-06-03 10:45:00,785.5,671.3551999999999,753.64,784.3415,701.53326
2024-06-03 11:00:00,805.9,792.5874000000002,816.58075,797.2345,690.03864
2024-06-03 11:15:00,822.11,752.7269000000001,759.8104,802.9609,730.87476
2024-06-03 11:30:00,827.14,785.7010999999999,827.55365,813.1307,765.46655
2024-06-03 11:45:00,824.89,741.4902000000001,846.76874,794.75336,764.43585
2024-06-03 12:00:00,819.65,710.6801,832.0733,796.5332,800.792
2024-06-03 12:15:00,803.5,657.2826999999996,789.8653,788.85583,786.0376
2024-06-03 12:30:00,791.73,841.6161000000004,810.4944,765.7091,789.98315
2024-06-03 12:45:00,780.22,796.9611000000002,777.3718,748.03186,787.54144
2024-06-03 13:00:00,763.78,677.0559999999996,763.2257,706.9734,727.3461
2024-06-03 13:15:00,740.81,626.0397999999998,777.39374,685.20886,713.9607
2024-06-03 13:30:00,705.14,692.3844999999994,717.3295,641.3413,684.86847
2024-06-03 13:45:00,630.23,645.3966999999998,690.8764,599.7783,626.631
2024-06-03 14:00:00,571.82,683.4832,640.3375,568.1316,590.36536
2024-06-03 14:15:00,618.56,690.1941000000002,597.3098,530.46405,578.9489
2024-06-03 14:30:00,590.57,650.4712000000004,571.56964,487.2001,559.16534
2024-06-03 14:45:00,558.86,664.4652000000006,505.2489,437.85126,500.27063
2024-06-03 15:00:00,533.52,644.2563000000002,491.12036,382.29697,488.17792
2024-06-03 15:15:00,518.27,506.9341999999994,419.09308,341.1067,455.31958
2024-06-03 15:30:00,486.49,573.8624000000002,379.11743,290.08267,382.76343
2024-06-03 15:45:00,452.44,511.499916,324.3978,262.32135,349.3451
2024-06-03 16:00:00,414.68,477.9439471096837,238.60176,217.14145,320.95078
2024-06-03 16:15:00,363.67,490.82948714285726,229.04395,165.46259,305.49158
2024-06-03 16:30:00,324.0,438.712841142857,193.48158,149.84312,263.9182
2024-06-03 16:45:00,278.54,323.7219933333334,178.38043,106.623245,231.06636
2024-06-03 17:00:00,232.44,276.79307945945936,91.68562,82.89778,139.65424
2024-06-03 17:15:00,187.76,286.7574,90.619865,60.99961,128.79604
2024-06-03 17:30:00,147.47,220.92429999999987,58.992264,65.82262,82.92989
2024-06-03 17:45:00,113.06,187.8147,9.596021,50.92925,102.70673
2024-06-03 18:00:00,80.55,100.34647267904508,35.549446,41.36636,82.25484
2024-06-03 18:15:00,53.4,68.64211111111109,0.0,39.473495,45.23558
2024-06-03 18:30:00,31.01,46.62250000000001,9.217529,73.21455,18.617
2024-06-03 18:45:00,12.71,15.764941644562333,0.0,65.75518,42.17864
2024-06-03 19:00:00,3.65,6.1172,0.0,73.96959,30.785185
2024-06-04 06:00:00,52.03,47.26000625,12.603217,108.32378,0.95674896
2024-06-04 06:15:00,61.38,72.78589629629631,49.664814,119.44909,16.881998
2024-06-04 06:30:00,121.96,72.53023944827589,46.05891,154.86562,35.96017
2024-06-04 06:45:00,208.95,114.4589446666666,81.86385,180.58748,65.52398
2024-06-04 07:00:00,267.45,165.25850000000003,116.558876,222.71727,93.60959
2024-06-04 07:15:00,297.18,288.9366884615385,133.78444,266.10187,149.07634
2024-06-04 07:30:00,346.27,293.2948927927929,184.65732,298.13806,188.2367
2024-06-04 07:45:00,397.41,323.17040000000003,234.98776,344.886,238.29395
2024-06-04 08:00:00,449.18,391.9426824476651,274.17703,382.67618,316.666
2024-06-04 08:15:00,499.73,402.0269464285713,342.93945,433.56268,326.58362
2024-06-04 08:30:00,552.09,460.0249051459292,351.73267,475.83356,415.29642
2024-06-04 08:45:00,599.76,508.1152,470.42056,520.1462,444.55856
2024-06-04 09:00:00,646.3,578.9662000000002,470.57672,560.6224,498.8908
2024-06-04 09:15:00,691.04,614.9047000000005,522.6325,599.9009,540.0959
2024-06-04 09:30:00,686.92,589.4525000000004,616.4328,642.1173,578.1471
2024-06-04 09:45:00,762.91,640.0554999999995,649.0375,680.0855,620.545
2024-06-04 10:00:00,839.86,657.4540159999998,678.0136,711.1683,683.8919
2024-06-04 10:15:00,599.19,662.5918761904766,672.0572,740.1188,720.46674
2024-06-04 10:30:00,388.73,761.8390761904768,759.74445,775.4427,795.77734
2024-06-04 10:45:00,360.17,798.8976000000005,776.2567,781.4905,814.9047
2024-06-04 11:00:00,821.02,763.7451000000002,835.92004,794.55676,798.40753
2024-06-04 11:15:00,978.21,824.3103000000002,781.2788,801.6252,838.43555
2024-06-04 11:30:00,961.65,839.7110000000002,849.46454,811.8187,877.0609
2024-06-04 11:45:00,945.29,849.4379000000004,867.9001,797.15393,895.81824
2024-06-04 12:00:00,939.24,842.4884000000003,856.1813,798.7933,883.3443
2024-06-04 12:15:00,851.82,845.4161000000003,809.5687,791.9338,890.974
2024-06-04 12:30:00,870.1,786.2494000000004,827.593,768.99866,866.11414
2024-06-04 12:45:00,852.1,785.6623000000002,793.6067,753.4467,834.1312
2024-06-04 13:00:00,826.97,790.7336999999999,779.1855,713.54474,803.06915
2024-06-04 13:15:00,800.33,694.7888,791.02216,692.10815,807.36584
2024-06-04 13:30:00,764.71,690.2139999999998,730.3883,649.2438,778.7347
2024-06-04 13:45:00,746.17,645.4779000000007,704.6573,609.7245,726.6211
2024-06-04 14:00:00,693.1,644.0560000000005,652.3937,578.0641,658.2144
2024-06-04 14:15:00,653.72,747.7007000000002,605.9224,541.1103,637.79144
2024-06-04 14:30:00,623.01,669.3075000000002,578.0428,499.73355,612.5243
2024-06-04 14:45:00,595.63,592.3791000000001,509.11554,449.5427,543.3448
2024-06-04 15:00:00,570.29,595.5671000000002,495.31393,395.55746,510.7184
2024-06-04 15:15:00,551.29,614.4659,420.26205,354.9266,473.47852
2024-06-04 15:30:00,529.2,591.4040999999999,379.39957,304.95215,405.80063
2024-06-04 15:45:00,496.23,520.3949999999998,324.40866,275.22665,359.23853
2024-06-04 16:00:00,465.28,555.3321999999994,236.88959,228.43518,326.6398
2024-06-04 16:15:00,423.37,449.8892531614904,227.43132,177.13434,294.36197
2024-06-04 16:30:00,376.13,398.081843902439,188.24623,162.51723,255.57985
2024-06-04 16:45:00,332.47,339.0893199999999,174.99934,120.46112,200.06093
2024-06-04 17:00:00,281.27,370.9207,87.39966,95.00865,134.28331
2024-06-04 17:15:00,231.53,222.09920000000005,82.20478,72.838905,116.27881
2024-06-04 17:30:00,183.48,187.03079999999997,52.051838,76.04791,55.36213
2024-06-04 17:45:00,135.77,167.16470000000004,5.624312,59.815292,56.80057
2024-06-04 18:00:00,96.14,129.57243333333332,32.46601,50.082226,40.81537
2024-06-04 18:15:00,61.77,88.04859999999998,0.0,49.875507,9.822968
2024-06-04 18:30:00,33.72,46.684,3.5685072,79.89571,0.0
2024-06-04 18:45:00,13.92,16.306169230769235,0.0,71.83585,3.5443525
2024-06-04 19:00:00,4.2,6.160000000000002,0.0,78.053795,2.067274
2024-06-05 06:00:00,51.04,74.91670000000003,38.700306,119.04103,25.164948
2024-06-05 06:15:00,79.84,74.32979523809526,66.31999,127.64789,42.703228
2024-06-05 06:30:00,113.73,110.78186300000002,68.259186,168.04512,76.956894
2024-06-05 06:45:00,151.26,242.0287,110.24194,197.66782,80.62865
2024-06-05 07:00:00,195.7,277.63543207850705,149.09216,242.80083,109.970055
2024-06-05 07:15:00,243.63,288.77485945945955,165.74759,290.52582,145.88611
2024-06-05 07:30:00,288.25,345.834,229.86493,325.92682,171.87032
2024-06-05 07:45:00,324.03,374.13449999999983,284.6005,377.87396,223.21664
2024-06-05 08:00:00,372.38,421.40869999999967,320.02203,413.04422,272.52588
2024-06-05 08:15:00,424.05,469.2314,392.58215,471.9231,290.16217
2024-06-05 08:30:00,469.8,492.7628000000002,407.59515,515.2222,364.07706
2024-06-05 08:45:00,521.68,571.5242000000002,521.8844,564.58496,389.69946
2024-06-05 09:00:00,565.38,538.9697000000004,532.48615,605.7548,429.6128
2024-06-05 09:15:00,604.88,650.8113,572.03827,646.0541,467.96848
2024-06-05 09:30:00,644.32,706.4428672857136,687.0959,689.3057,481.9737
2024-06-05 09:45:00,680.83,702.8253761904766,716.1993,729.9872,555.6376
2024-06-05 10:00:00,715.06,749.5761000000001,746.7569,763.3168,595.13696
2024-06-05 10:15:00,747.88,691.5421000000003,726.6278,788.5447,610.94995
2024-06-05 10:30:00,775.61,636.0831999999997,833.2474,833.5424,665.1857
2024-06-05 10:45:00,805.24,657.8008999999997,856.35596,835.06384,666.39075
2024-06-05 11:00:00,826.99,737.1234000000003,909.625,843.346,671.79785
2024-06-05 11:15:00,834.87,922.5909000000004,849.32947,850.87823,715.0825
2024-06-05 11:30:00,845.73,921.4915,914.05475,862.1544,732.4948
2024-06-05 11:45:00,846.68,919.7444000000006,937.8786,841.785,749.5202
2024-06-05 12:00:00,849.88,939.5495000000004,926.224,842.7095,766.6507
2024-06-05 12:15:00,849.48,874.9932999999995,872.7159,834.2279,755.11066
2024-06-05 12:30:00,829.31,880.5521999999999,886.46234,808.90173,714.2352
2024-06-05 12:45:00,804.54,872.6675999999997,850.81104,791.2215,719.7013
2024-06-05 13:00:00,774.28,841.1327000000002,837.8649,747.43835,678.6547
2024-06-05 13:15:00,745.2,758.6185999999998,852.16895,723.7302,681.9366
2024-06-05 13:30:00,710.98,684.3897999999998,786.2091,676.7231,643.8563
2024-06-05 13:45:00,678.37,734.2201,743.7568,630.8462,623.66296
2024-06-05 14:00:00,648.63,642.9981000000005,697.1573,598.5703,565.3895
2024-06-05 14:15:00,618.08,690.8019900000002,636.6296,560.5655,555.7344
2024-06-05 14:30:00,591.47,706.5915090909093,617.7357,515.72095,513.6867
2024-06-05 14:45:00,565.85,681.0428000000005,532.9173,461.1042,465.80008
2024-06-05 15:00:00,541.06,647.9971000000004,518.6855,403.59012,450.08798
2024-06-05 15:15:00,511.92,647.4986000000001,439.5505,363.52817,414.41153
2024-06-05 15:30:00,485.95,648.6046000000002,398.94208,306.36606,344.47055
2024-06-05 15:45:00,453.58,515.1916160000001,338.50113,276.53662,302.5616
2024-06-05 16:00:00,417.03,449.9175185366959,252.8551,225.85039,277.81598
2024-06-05 16:15:00,380.55,449.7374721948549,241.74873,172.24553,254.69081
2024-06-05 16:30:00,336.28,428.1707999999998,201.69385,160.0651,215.42505
2024-06-05 16:45:00,287.99,367.0492999999999,188.71353,114.298,166.96506
2024-06-05 17:00:00,241.79,261.74767770562767,83.44517,88.32782,86.586525
2024-06-05 17:15:00,196.93,259.6912740740742,87.61237,64.42873,74.523415
2024-06-05 17:30:00,152.07,215.70850000000013,56.20742,72.28284,40.366623
2024-06-05 17:45:00,74.18,163.67870000000005,11.668895,58.78994,37.348507
2024-06-05 18:00:00,18.36,181.4797,51.18715,45.953484,28.560194
2024-06-05 18:15:00,2.38,82.33045999999997,0.8074605,46.117424,1.3361379
2024-06-05 18:30:00,5.76,53.147000000000006,5.5082726,81.166985,0.0
2024-06-05 18:45:00,25.09,16.088700000000003,0.0,71.466446,0.0
2024-06-05 19:00:00,30.73,6.916600000000003,0.0,80.54545,0.0
2024-06-06 06:00:00,55.85,60.271500000000046,18.576632,103.91049,0.0
2024-06-06 06:15:00,85.15,92.78509696969692,57.341743,114.47832,0.0
2024-06-06 06:30:00,112.44,113.64718582677712,52.501915,157.92496,0.0
2024-06-06 06:45:00,135.89,143.43156049450536,91.389694,181.51424,7.331475
2024-06-06 07:00:00,222.74,208.93727647058824,129.3236,227.19757,59.441074
2024-06-06 07:15:00,273.93,249.68369646153852,146.96552,273.268,110.35699
2024-06-06 07:30:00,337.49,289.5853927927928,202.75024,310.09512,154.73953
2024-06-06 07:45:00,392.35,331.4243,255.464,359.84375,218.14342
2024-06-06 08:00:00,440.0,393.9543999999999,294.7668,392.53345,297.85626
2024-06-06 08:15:00,496.13,432.8340032857142,367.45593,454.12567,301.88406
2024-06-06 08:30:00,551.14,500.5706166666667,376.47076,497.33987,380.88608
2024-06-06 08:45:00,594.39,553.2516000000003,496.1933,546.8886,424.27264
2024-06-06 09:00:00,643.59,556.4425000000002,495.47934,589.35785,475.75525
2024-06-06 09:15:00,688.03,668.5060000000005,545.9918,628.1758,539.0955
2024-06-06 09:30:00,732.88,662.1535000000003,645.40344,673.32733,566.5903
2024-06-06 09:45:00,774.61,692.7339999999996,676.11,714.42145,627.2456
2024-06-06 10:00:00,814.78,679.3079000000001,706.4419,745.65857,680.13
2024-06-06 10:15:00,846.22,670.2973000000002,698.6536,767.9722,708.6656
2024-06-06 10:30:00,874.19,704.1312999999998,786.90186,819.93896,784.27454
2024-06-06 10:45:00,899.11,787.7731000000002,807.39667,823.1591,789.6177
2024-06-06 11:00:00,918.72,822.8178000000004,858.12256,830.569,792.85736
2024-06-06 11:15:00,926.42,860.3839000000003,806.54285,839.28784,831.04156
2024-06-06 11:30:00,936.72,864.0618,873.3255,852.01697,847.91156
2024-06-06 11:45:00,940.34,851.7340999999999,891.98627,828.23834,875.63416
2024-06-06 12:00:00,930.75,860.4950999999998,882.87354,830.84247,886.9603
2024-06-06 12:15:00,917.39,870.8877,830.3456,824.6571,879.5525
2024-06-06 12:30:00,888.8,860.6157000000004,845.2234,798.8166,855.4654
2024-06-06 12:45:00,863.06,844.1527000000002,810.57574,780.962,829.5626
2024-06-06 13:00:00,834.59,785.6510999999996,799.2927,737.92944,805.2391
2024-06-06 13:15:00,803.66,678.9805999999999,804.3706,716.203,797.8142
2024-06-06 13:30:00,769.79,722.0941,744.3372,670.4594,763.901
2024-06-06 13:45:00,732.47,636.2432076923074,715.1982,621.47797,713.12146
2024-06-06 14:00:00,701.98,640.67659,664.2751,592.78815,661.58136
2024-06-06 14:15:00,665.21,675.1873000000004,610.54474,556.2558,647.8533
2024-06-06 14:30:00,633.48,688.6549000000006,584.03174,510.23407,598.89
2024-06-06 14:45:00,612.85,632.8691000000003,511.56256,456.69684,544.28876
2024-06-06 15:00:00,587.94,635.6620000000001,495.66888,397.75333,510.96027
2024-06-06 15:15:00,571.08,634.1047000000001,418.996,357.09882,459.4853
2024-06-06 15:30:00,542.72,570.3573999999999,377.68942,298.60107,388.82578
2024-06-06 15:45:00,511.05,577.9185999999999,321.856,274.62195,347.1955
2024-06-06 16:00:00,479.34,554.0930999999995,236.09456,223.54381,308.47748
2024-06-06 16:15:00,441.13,500.9981999999997,227.2632,168.82639,284.07
2024-06-06 16:30:00,393.02,459.9370999999999,184.0883,154.49176,229.20105
2024-06-06 16:45:00,339.75,410.6223,170.61496,105.581215,180.34798
2024-06-06 17:00:00,290.18,575.6894000000002,78.49599,79.72028,107.04303
2024-06-06 17:15:00,241.77,346.5677,74.792175,56.55592,76.18261
2024-06-06 17:30:00,194.26,240.16659999999996,47.681988,66.2604,35.021786
2024-06-06 17:45:00,147.78,168.67989999999992,4.0834274,52.10628,30.759195
2024-06-06 18:00:00,104.51,27.99885454545453,34.562878,39.301228,14.553019
2024-06-06 18:15:00,68.69,3.5731353455720574,0.0,32.0504,0.0
2024-06-06 18:30:00,39.42,6.53430808173374,0.0,71.60545,0.0
2024-06-06 18:45:00,18.14,37.79975172413793,0.0,62.500748,0.0
2024-06-06 19:00:00,7.03,67.86964539473685,0.0,70.6774,0.0
2024-06-07 06:00:00,65.2,68.09637666666664,48.957264,128.90659,11.673526
2024-06-07 06:15:00,102.32,83.66407059219651,73.70006,137.24966,38.83372
2024-06-07 06:30:00,142.75,110.0283070740488,76.2689,177.68887,44.740604
2024-06-07 06:45:00,187.72,114.85352799999995,122.368576,209.82219,57.814796
2024-06-07 07:00:00,234.76,268.91460000000006,166.49568,257.13214,91.53698
2024-06-07 07:15:00,280.51,263.4268392857141,183.24861,306.67828,136.52657
2024-06-07 07:30:00,329.06,359.79169999999993,253.14876,343.48083,170.97878
2024-06-07 07:45:00,379.26,373.0968,311.79724,397.9992,218.45213
2024-06-07 08:00:00,428.74,417.2481916666664,346.1543,432.9984,280.15152
2024-06-07 08:15:00,475.88,483.31699999999984,422.6618,495.148,293.65125
2024-06-07 08:30:00,525.61,476.1218000000002,440.4085,538.8858,366.87082
2024-06-07 08:45:00,577.49,519.6337000000001,554.97815,591.0923,390.64426
2024-06-07 09:00:00,629.23,522.4702000000003,566.74414,632.5243,448.01447
2024-06-07 09:15:00,677.49,504.0718999999998,602.91095,674.1993,490.8836
2024-06-07 09:30:00,723.31,661.5893000000001,726.3484,717.0869,516.06915
2024-06-07 09:45:00,763.79,692.5225000000005,753.3125,760.50934,561.2933
2024-06-07 10:00:00,794.35,736.3438000000001,786.64844,796.1361,610.0094
2024-06-07 10:15:00,826.84,818.4803,761.24817,821.2455,657.19574
2024-06-07 10:30:00,848.98,860.7758000000006,873.61536,868.9967,709.49023
2024-06-07 10:45:00,859.08,844.4014000000003,898.40497,868.45496,718.0162
2024-06-07 11:00:00,856.3,900.2080000000003,945.98413,875.23376,712.1321
2024-06-07 11:15:00,888.62,890.3319000000001,886.4865,883.9235,758.07916
2024-06-07 11:30:00,900.04,915.8914000000004,949.57684,895.205,774.01294
2024-06-07 11:45:00,905.5,917.2829000000006,974.60034,874.3974,789.7286
2024-06-07 12:00:00,902.44,938.4487000000006,964.0964,874.42487,784.7778
2024-06-07 12:15:00,900.18,899.0979000000001,904.3359,865.98413,783.8963
2024-06-07 12:30:00,889.27,868.0783999999996,914.78424,839.21967,747.7749
2024-06-07 12:45:00,861.99,871.5510999999999,878.7634,821.259,737.20496
2024-06-07 13:00:00,826.42,834.5969,866.07904,775.8209,733.1119
2024-06-07 13:15:00,788.05,627.1211999999999,878.6875,750.7478,712.0289
2024-06-07 13:30:00,747.3,571.2099999999996,811.8597,701.82007,678.3627
2024-06-07 13:45:00,706.29,704.9356,762.5474,654.6142,656.28375
2024-06-07 14:00:00,682.08,680.8068000000002,716.3633,620.9775,601.20233
2024-06-07 14:15:00,657.43,664.4755285714286,647.93524,581.56665,568.6822
2024-06-07 14:30:00,632.22,647.4082090909094,631.7905,535.97455,543.8716
2024-06-07 14:45:00,612.99,629.6283999999999,539.4777,478.4692,485.09204
2024-06-07 15:00:00,584.25,650.9617000000006,524.9847,419.85056,450.68976
2024-06-07 15:15:00,556.95,630.4706000000004,443.3258,378.85815,414.47192
2024-06-07 15:30:00,534.79,676.1407000000005,402.1654,319.70557,345.1912
2024-06-07 15:45:00,504.76,524.353811151515,340.5229,288.19785,307.7667
2024-06-07 16:00:00,462.35,468.2313775000001,253.97824,234.4061,266.52512
2024-06-07 16:15:00,412.63,416.6675277504104,242.54079,179.56396,247.33316
2024-06-07 16:30:00,357.87,428.36781493428913,199.2754,168.18344,193.71994
2024-06-07 16:45:00,307.73,376.6335,187.83534,121.17704,154.82365
2024-06-07 17:00:00,262.47,261.6729517857143,75.712906,93.61351,86.27294
2024-06-07 17:15:00,217.98,248.19770000000008,81.362854,69.32195,73.34388
2024-06-07 17:30:00,178.96,233.2942,51.043682,77.81192,29.417973
2024-06-07 17:45:00,138.24,158.15550000000005,9.884566,64.01104,24.905338
2024-06-07 18:00:00,99.7,172.4659,54.072144,50.229607,17.948074
2024-06-07 18:15:00,66.67,88.22295769230765,1.9554608,52.092144,0.0
2024-06-07 18:30:00,38.29,64.79992800000002,1.7512465,87.290924,0.0
2024-06-07 18:45:00,17.99,25.597454545454543,0.23941164,76.94393,0.0
2024-06-07 19:00:00,7.43,10.10193636363637,0.0,85.98957,0.0
2024-06-08 06:00:00,59.33,73.19220000000001,47.242386,122.162,0.0
2024-06-08 06:15:00,96.46,113.98960000000008,71.96158,127.83308,9.749035
2024-06-08 06:30:00,138.22,144.89529761904762,74.65143,171.23529,36.28898
2024-06-08 06:45:00,184.28,166.39880000000005,119.99618,201.12222,50.94106
2024-06-08 07:00:00,233.58,213.34584006734,162.93307,246.68071,108.96886
2024-06-08 07:15:00,283.95,279.3679146318732,179.60657,295.83652,130.49132
2024-06-08 07:30:00,336.04,340.9879999999998,247.82124,333.23328,179.62689
2024-06-08 07:45:00,386.92,374.70679999999993,305.7084,387.36224,231.16577
2024-06-08 08:00:00,434.45,432.4448999999996,339.5863,418.47824,290.75522
2024-06-08 08:15:00,497.76,474.7204,414.99982,483.69998,299.60522
2024-06-08 08:30:00,505.01,502.5535000000001,432.23264,526.0043,361.9372
2024-06-08 08:45:00,573.79,539.1188000000003,545.49603,579.34155,413.752
2024-06-08 09:00:00,621.68,478.9155173913046,557.19666,620.6652,445.90915
2024-06-08 09:15:00,667.04,499.12939999999975,593.4093,660.72284,482.43796
2024-06-08 09:30:00,710.34,615.8994,713.80676,705.0407,506.26804
2024-06-08 09:45:00,754.58,723.2974000000003,740.7269,747.4374,581.20404
2024-06-08 10:00:00,786.7,770.6597000000004,774.3314,782.4083,631.67773
2024-06-08 10:15:00,819.46,792.6973999999996,749.3756,804.6618,654.5539
2024-06-08 10:30:00,847.72,829.3229000000002,860.2293,859.5152,707.9438
2024-06-08 10:45:00,873.22,845.3167000000001,884.5566,858.6244,716.9121
2024-06-08 11:00:00,894.24,858.0741000000002,932.8024,863.7437,725.7604
2024-06-08 11:15:00,909.24,865.7052000000003,873.32227,873.26917,766.509
2024-06-08 11:30:00,911.95,868.0163000000001,936.3807,886.73444,791.8032
2024-06-08 11:45:00,905.24,868.3536000000001,960.661,862.90845,805.7715
2024-06-08 12:00:00,904.32,876.5681,949.95184,864.8129,825.91266
2024-06-08 12:15:00,887.08,892.0083999999999,891.2681,857.10925,825.81213
2024-06-08 12:30:00,863.76,866.2163999999999,902.56885,831.1596,801.8695
2024-06-08 12:45:00,850.05,874.9785999999997,866.6971,813.49835,788.2913
2024-06-08 13:00:00,819.84,861.8082000000002,854.1476,768.4387,744.06305
2024-06-08 13:15:00,789.36,597.3261999999992,866.9907,745.781,744.1178
2024-06-08 13:30:00,746.67,660.1405000000001,801.00635,697.3831,704.2424
2024-06-08 13:45:00,719.54,682.8995999999997,752.76184,646.8219,661.186
2024-06-08 14:00:00,698.73,609.3669999999998,706.93384,616.50006,618.53174
2024-06-08 14:15:00,658.72,617.5099185714284,639.69403,580.05774,604.46405
2024-06-08 14:30:00,638.8,675.8222090909096,624.3561,532.9617,564.0632
2024-06-08 14:45:00,617.39,634.7370000000002,533.3271,476.2683,512.27
2024-06-08 15:00:00,593.67,642.2766000000004,519.1066,416.65253,491.30795
2024-06-08 15:15:00,568.13,626.7158181818186,438.32773,378.00607,449.51782
2024-06-08 15:30:00,540.64,637.9862181818187,398.02042,315.23065,387.27576
2024-06-08 15:45:00,511.83,531.5845899130436,336.87543,286.2252,347.30453
2024-06-08 16:00:00,476.9,446.93927069436137,251.44601,232.98439,324.26483
2024-06-08 16:15:00,430.24,467.1747744444445,240.18044,177.55344,298.99338
2024-06-08 16:30:00,379.9,439.5762440000001,197.95908,166.5839,252.99898
2024-06-08 16:45:00,332.07,305.438,186.30542,116.95852,211.43369
2024-06-08 17:00:00,281.3,239.3354999999999,75.84992,90.175896,125.51973
2024-06-08 17:15:00,234.29,303.8758000000002,81.71333,64.18945,101.90779
2024-06-08 17:30:00,191.04,260.5775,51.73752,74.850204,68.60815
2024-06-08 17:45:00,152.25,184.1956,9.946172,63.309444,58.90953
2024-06-08 18:00:00,111.57,181.00239999999997,52.96552,46.239635,43.11785
2024-06-08 18:15:00,74.2,90.19463894230763,2.4872916,43.95123,14.907847
2024-06-08 18:30:00,39.98,63.08242800000002,2.8121996,82.49899,0.0
2024-06-08 18:45:00,18.33,25.09930000000001,0.0,70.5157,9.087606
2024-06-08 19:00:00,6.79,10.873600000000003,0.0,79.8638,14.698406
2024-06-09 06:00:00,66.83,69.62809999999999,57.714012,135.33224,4.207211
2024-06-09 06:15:00,112.44,87.58380000000002,77.06058,141.36316,34.32671
2024-06-09 06:30:00,138.8,111.73522800000003,84.37335,184.19414,44.581078
2024-06-09 06:45:00,189.85,167.37920000000005,132.00655,217.45784,47.664608
2024-06-09 07:00:00,242.19,268.97360000000003,171.7855,264.11078,90.581024
2024-06-09 07:15:00,291.36,280.0780999999999,189.53732,314.87466,140.46317
2024-06-09 07:30:00,341.29,360.9690999999999,261.16714,352.45215,177.47365
2024-06-09 07:45:00,393.29,385.5361999999999,319.98273,408.16306,222.1853
2024-06-09 08:00:00,448.62,415.8134999999997,351.3983,440.1303,293.99603
2024-06-09 08:15:00,502.74,455.7260000000002,429.24197,505.71622,302.0531
2024-06-09 08:30:00,549.97,454.01020000000005,448.18268,547.78937,375.1639
2024-06-09 08:45:00,593.2,562.1141,557.9931,601.8753,397.81674
2024-06-09 09:00:00,642.23,535.2344136296299,576.24536,643.31537,467.45557
2024-06-09 09:15:00,687.61,601.5041095238092,607.88605,683.9847,509.51642
2024-06-09 09:30:00,732.74,620.1236547167487,735.1059,727.08185,532.0556
2024-06-09 09:45:00,774.09,639.0811761904768,761.0617,769.78064,584.83826
2024-06-09 10:00:00,816.72,752.3323000000004,794.21826,804.5344,634.38324
2024-06-09 10:15:00,854.96,788.2724000000002,763.78406,828.2518,682.4687
2024-06-09 10:30:00,878.5,829.7719000000001,883.1807,880.393,721.60864
2024-06-09 10:45:00,900.9,861.4830000000002,908.74817,877.437,752.7352
2024-06-09 11:00:00,905.57,867.4781000000002,960.1058,882.1972,751.44104
2024-06-09 11:15:00,915.28,845.9122000000003,896.18365,891.48553,788.0592
2024-06-09 11:30:00,914.62,849.3874000000006,957.0734,903.5649,801.2133
2024-06-09 11:45:00,903.83,872.6345000000003,985.11536,880.11127,819.49304
2024-06-09 12:00:00,898.69,880.0908000000001,973.5348,879.89514,813.80536
2024-06-09 12:15:00,892.92,882.3897000000003,912.7596,871.36383,805.97046
2024-06-09 12:30:00,881.61,870.3376999999997,924.7034,844.3461,776.1788
2024-06-09 12:45:00,863.66,871.0916999999996,888.2857,825.66815,771.44196
2024-06-09 13:00:00,840.29,835.0483000000002,876.28827,779.1061,734.90497
2024-06-09 13:15:00,813.74,708.1728999999996,891.4804,755.11273,732.51373
2024-06-09 13:30:00,778.01,695.9865,824.8334,705.054,711.9638
2024-06-09 13:45:00,741.33,721.5932000000004,768.4672,654.5775,679.9247
2024-06-09 14:00:00,699.83,659.1652151515153,727.3527,622.0367,624.648
2024-06-09 14:15:00,667.65,653.0837185714287,655.46533,584.4132,594.5653
2024-06-09 14:30:00,637.66,684.3952090909094,644.22906,537.3041,561.0839
2024-06-09 14:45:00,615.96,644.4020000000002,547.6497,479.66864,504.04733
2024-06-09 15:00:00,597.79,624.2671000000006,533.2102,419.90634,467.43857
2024-06-09 15:15:00,577.43,637.0879000000004,452.07993,380.59268,433.05344
2024-06-09 15:30:00,553.8,662.7641185185188,411.6092,318.47214,360.1091
2024-06-09 15:45:00,526.48,604.9680951515154,347.74258,286.82874,319.19608
2024-06-09 16:00:00,491.89,423.23617750000017,261.4463,234.23946,283.42676
2024-06-09 16:15:00,447.4,454.0123610837437,250.51962,178.69865,256.71152
2024-06-09 16:30:00,398.93,421.1603999999998,211.75703,168.28041,215.36353
2024-06-09 16:45:00,340.62,359.0930999999998,197.00154,119.97468,170.91719
2024-06-09 17:00:00,286.08,261.5505152056277,79.298,93.314735,97.86812
2024-06-09 17:15:00,236.22,250.81040000000016,89.96395,68.211494,69.0966
2024-06-09 17:30:00,185.07,234.25029999999992,58.60506,78.76934,18.065409
2024-06-09 17:45:00,139.59,177.38600000000008,16.53153,67.86935,22.756983
2024-06-09 18:00:00,102.07,180.68329999999992,65.85387,51.115055,11.558956
2024-06-09 18:15:00,66.93,88.85869999999996,14.18444,53.117058,0.0
2024-06-09 18:30:00,37.53,63.94431200000001,7.0754642,91.2254,0.0
2024-06-09 18:45:00,17.48,24.91645454545455,5.096065,79.53099,0.0
2024-06-09 19:00:00,6.6,8.51056493506494,0.0,89.611145,0.0
2024-06-10 06:00:00,60.95,70.90650000000001,72.684326,145.51085,0.0
2024-06-10 06:15:00,99.37,115.2413380000001,83.71817,148.83215,0.0
2024-06-10 06:30:00,141.09,109.582628,98.880646,190.1736,9.464803
2024-06-10 06:45:00,186.64,190.8349000000001,148.39557,225.66466,18.236786
2024-06-10 07:00:00,236.33,251.6282,174.47624,272.49432,61.993793
2024-06-10 07:15:00,284.67,283.1449,191.62515,324.07468,107.185005
2024-06-10 07:30:00,337.33,345.8787,267.61243,361.74493,160.0489
2024-06-10 07:45:00,390.79,374.4162999999999,327.2369,418.51263,205.93805
2024-06-10 08:00:00,440.56,433.0085378378376,354.72256,450.71713,280.91687
2024-06-10 08:15:00,487.69,453.2783999999999,435.53613,518.0079,290.05853
2024-06-10 08:30:00,538.55,443.3040000000003,453.79703,560.2887,371.72644
2024-06-10 08:45:00,596.53,571.3484000000004,561.93933,615.9739,405.96484
2024-06-10 09:00:00,646.48,446.59250000000026,592.863,658.57996,467.17618
2024-06-10 09:15:00,696.1,627.1947756190473,617.80023,700.74615,532.10315
2024-06-10 09:30:00,742.89,632.4666000000005,758.5217,743.7732,564.5953
2024-06-10 09:45:00,782.4,723.5699000000002,784.51666,788.8775,617.162
2024-06-10 10:00:00,821.38,779.2681000000003,814.4968,826.0333,654.9854
2024-06-10 10:15:00,854.63,830.5365,774.4867,852.1247,706.55853
2024-06-10 10:30:00,880.0,847.7307000000001,914.04706,905.6719,761.7811
2024-06-10 10:45:00,901.54,864.7486000000002,941.09235,901.99817,786.5118
2024-06-10 11:00:00,928.69,860.0756000000005,1009.61597,907.6833,777.32965
2024-06-10 11:15:00,943.0,868.0597000000006,930.7427,919.1133,812.8406
2024-06-10 11:30:00,945.92,888.8970000000004,990.5967,932.08307,842.6754
2024-06-10 11:45:00,939.82,849.9116,1030.8572,910.246,858.79236
2024-06-10 12:00:00,923.52,834.9864999999999,1015.1554,910.5172,839.0325
2024-06-10 12:15:00,924.81,883.0003999999999,952.3093,903.2887,853.85016
2024-06-10 12:30:00,917.77,873.3730999999998,974.0595,877.13214,824.1093
2024-06-10 12:45:00,910.43,860.0873000000001,935.63947,859.3725,809.58655
2024-06-10 13:00:00,888.76,743.2973000000004,925.55865,812.33136,791.491
2024-06-10 13:15:00,891.8,740.0014000000002,948.68964,789.41595,770.67004
2024-06-10 13:30:00,856.27,577.7834999999998,880.87805,738.31647,744.368
2024-06-10 13:45:00,807.49,706.9103000000001,810.58984,688.7973,698.3357
2024-06-10 14:00:00,603.77,710.6593000000004,780.21796,655.05206,638.7011
2024-06-10 14:15:00,542.8,675.3077000000001,705.17554,616.8124,615.39777
2024-06-10 14:30:00,647.31,631.7873090909092,700.6143,569.03357,583.60767
2024-06-10 14:45:00,650.21,599.4746999999999,598.3621,510.05557,513.9133
2024-06-10 15:00:00,612.4,597.9233000000002,582.06635,449.96008,479.43927
2024-06-10 15:15:00,602.59,606.1845000000002,501.23175,409.9777,449.05392
2024-06-10 15:30:00,601.62,643.9279000000005,458.6859,346.55627,373.89236
2024-06-10 15:45:00,443.08,622.3655000000001,388.42496,310.77023,328.66937
2024-06-10 16:00:00,383.8,478.1464735000002,297.58047,256.35913,288.6706
2024-06-10 16:15:00,459.48,393.247328116711,288.8101,199.788,251.7982
2024-06-10 16:30:00,463.35,417.5652425282372,261.44388,189.20923,209.21815
2024-06-10 16:45:00,395.63,337.8657,234.15169,139.21022,148.41135
2024-06-10 17:00:00,336.16,250.35051428571413,102.673035,110.82648,89.44683
2024-06-10 17:15:00,195.69,241.2413874458875,125.482315,83.62577,56.970043
2024-06-10 17:30:00,134.59,235.0905,88.01185,92.255936,15.413784
2024-06-10 17:45:00,126.16,153.47860000000003,38.849026,81.210365,14.4607525
2024-06-10 18:00:00,149.94,167.3279,102.01161,60.866253,0.0
2024-06-10 18:15:00,83.91,91.21203894230769,43.634186,64.9357,0.0
2024-06-10 18:30:00,38.53,67.46221200000004,22.696974,100.99153,0.0
2024-06-10 18:45:00,19.15,19.874137500000003,15.116298,87.07057,0.0
2024-06-10 19:00:00,8.6,10.971236363636365,0.0,95.68618,0.0
2024-06-11 06:00:00,27.45,73.98436296296296,52.005608,138.3696,0.0
2024-06-11 06:15:00,52.93,116.39960000000002,74.359406,142.99944,0.0
2024-06-11 06:30:00,81.99,138.97700434782604,76.59626,185.31395,0.4115104
2024-06-11 06:45:00,113.92,196.68465,119.80561,215.85316,7.3635645
2024-06-11 07:00:00,149.91,282.39546250000006,151.98329,262.88898,58.395874
2024-06-11 07:15:00,151.86,271.09394062612625,164.5087,312.69446,91.57021
2024-06-11 07:30:00,193.86,351.6283999999998,237.48973,351.41876,136.23694
2024-06-11 07:45:00,228.19,382.4601000000002,295.81317,406.0082,180.47168
2024-06-11 08:00:00,355.23,422.40079999999983,329.1355,434.92035,251.90375
2024-06-11 08:15:00,299.24,455.6809,407.57816,505.4772,269.9719
2024-06-11 08:30:00,289.9,512.3499999999998,417.99155,546.01465,338.37842
2024-06-11 08:45:00,515.2,545.5963,543.3899,603.0507,375.15134
2024-06-11 09:00:00,623.94,519.8892000000002,558.3977,646.47595,425.18805
2024-06-11 09:15:00,710.99,609.1223687499997,595.12085,687.26404,470.26358
2024-06-11 09:30:00,764.12,630.3301000000006,732.8381,731.08075,515.5754
2024-06-11 09:45:00,747.52,745.0057,759.85754,777.2674,542.0722
2024-06-11 10:00:00,683.44,777.7514000000002,791.62085,813.06903,584.89044
2024-06-11 10:15:00,745.01,821.4107999999999,759.55804,837.4467,643.4654
2024-06-11 10:30:00,889.75,838.6345000000001,889.0058,897.7943,694.3453
2024-06-11 10:45:00,942.76,850.6789000000001,913.72156,894.8867,704.23
2024-06-11 11:00:00,967.43,910.1370000000004,984.9523,899.7004,710.3508
2024-06-11 11:15:00,783.14,898.3205000000004,908.76984,913.8347,742.17584
2024-06-11 11:30:00,768.14,913.2151000000006,976.96045,928.41797,786.97314
2024-06-11 11:45:00,946.23,915.6345000000003,1015.0871,904.9475,796.3625
2024-06-11 12:00:00,1005.44,924.4468,1001.4438,906.4588,782.7736
2024-06-11 12:15:00,753.06,915.2764,940.2112,902.61096,768.0884
2024-06-11 12:30:00,883.84,892.9794999999999,964.76154,876.0363,770.8421
2024-06-11 12:45:00,776.31,870.5348000000001,926.1378,859.1056,740.7541
2024-06-11 13:00:00,559.54,878.2572999999999,913.80927,813.01776,708.41656
2024-06-11 13:15:00,623.94,845.8965999999996,939.4276,792.9016,689.7363
2024-06-11 13:30:00,660.12,831.2298999999997,869.02295,743.1834,666.7133
2024-06-11 13:45:00,489.22,777.9289,816.73584,691.2718,643.12354
2024-06-11 14:00:00,391.74,670.3763000000005,774.72455,660.814,580.72345
2024-06-11 14:15:00,424.38,656.5413000000005,711.12036,624.95416,547.4216
2024-06-11 14:30:00,447.84,755.9045090909094,695.22174,576.5748,523.3434
2024-06-11 14:45:00,419.81,666.5390000000004,603.5717,518.3231,457.06104
2024-06-11 15:00:00,473.31,613.9044000000001,588.70337,457.45248,437.53717
2024-06-11 15:15:00,533.46,597.4512600000003,504.33136,417.06168,406.3059
2024-06-11 15:30:00,473.14,629.1648600000004,460.15518,352.81897,347.52533
2024-06-11 15:45:00,514.89,582.2210999999999,392.8672,320.7431,306.83807
2024-06-11 16:00:00,472.11,572.2739999999999,296.30127,265.9836,265.68582
2024-06-11 16:15:00,382.72,563.3338,290.98462,208.06908,244.96378
2024-06-11 16:30:00,323.42,591.7389999999998,254.48503,195.4727,194.66846
2024-06-11 16:45:00,225.01,616.9191999999997,231.1553,142.6847,139.3912
2024-06-11 17:00:00,194.75,617.8568999999999,110.7621,113.4639,80.18229
2024-06-11 17:15:00,185.14,590.7994000000001,122.70681,86.928024,51.33659
2024-06-11 17:30:00,218.1,568.2072000000001,83.44879,96.404335,6.8349423
2024-06-11 17:45:00,178.14,549.2389000000001,31.65935,84.67867,0.0
2024-06-11 18:00:00,99.31,574.5047000000001,87.79669,62.77649,0.0
2024-06-11 18:15:00,67.58,281.66850000000017,22.165318,61.253887,0.0
2024-06-11 18:30:00,46.57,49.59242262519117,17.5467,100.34729,0.0
2024-06-11 18:45:00,18.61,23.0571,5.881468,86.09009,0.0
2024-06-11 19:00:00,7.42,11.003844444444455,0.0,92.44694,0.0
2024-06-12 06:00:00,49.92,34.754499999999986,35.29721,117.83439,0.0
2024-06-12 06:15:00,82.2,71.3688,62.515934,125.54033,20.302916
2024-06-12 06:30:00,121.19,91.98609696969692,61.555523,166.1919,37.101704
2024-06-12 06:45:00,167.77,128.64104633333338,95.59009,190.64581,52.330513
2024-06-12 07:00:00,214.64,181.98260000000008,123.38568,235.56436,96.45544
2024-06-12 07:15:00,190.62,232.4163000000001,134.22513,281.19788,128.45175
2024-06-12 07:30:00,314.7,279.3780000000001,200.48299,318.00372,170.30013
2024-06-12 07:45:00,369.21,458.64800000000014,252.01155,368.06393,219.31844
2024-06-12 08:00:00,427.94,483.3647933333333,287.80453,398.72455,276.1843
2024-06-12 08:15:00,470.49,342.9503,354.05872,463.4235,297.78958
2024-06-12 08:30:00,514.48,421.3339000000002,366.7995,504.2763,365.58887
2024-06-12 08:45:00,574.02,534.9395000000002,490.25034,556.81885,387.17297
2024-06-12 09:00:00,627.38,589.6976000000004,502.79642,599.957,445.59317
2024-06-12 09:15:00,682.34,665.8265518518518,543.6508,639.4601,510.80502
2024-06-12 09:30:00,720.79,717.6283761904766,666.15735,683.9328,534.9715
2024-06-12 09:45:00,729.85,664.0369000000005,697.903,727.8054,570.60974
2024-06-12 10:00:00,781.06,747.4411999999998,725.72833,761.4172,595.60095
2024-06-12 10:15:00,801.88,736.5959000000004,711.2104,786.71783,639.0143
2024-06-12 10:30:00,821.07,853.0139999999999,825.9857,842.103,689.4924
2024-06-12 10:45:00,844.59,910.9243000000004,849.12823,844.14703,726.0943
2024-06-12 11:00:00,866.66,919.5845,923.35474,852.39606,717.3232
2024-06-12 11:15:00,876.71,748.8414000000002,855.5251,865.53815,742.3395
2024-06-12 11:30:00,883.01,752.020627586207,923.14465,879.6668,787.2151
2024-06-12 11:45:00,882.67,952.3618000000004,957.9558,858.76685,793.78766
2024-06-12 12:00:00,879.42,943.5880999999996,947.4493,861.91205,792.15106
2024-06-12 12:15:00,871.3,756.8846838709677,900.1015,859.3296,798.3098
2024-06-12 12:30:00,845.2,869.0198999999999,926.5941,834.3829,753.68335
2024-06-12 12:45:00,821.53,736.4392999999997,894.07666,818.72955,748.4722
2024-06-12 13:00:00,795.73,628.4014000000001,880.8487,776.0998,731.6609
2024-06-12 13:15:00,759.92,750.9633090909091,903.85736,757.8554,718.8259
2024-06-12 13:30:00,726.78,842.5202000000006,837.54364,711.9613,674.4469
2024-06-12 13:45:00,693.22,666.0249,797.915,663.6533,628.1731
2024-06-12 14:00:00,659.61,684.2360999999996,755.18567,635.47845,576.3713
2024-06-12 14:15:00,643.03,684.1252999999996,702.3882,600.16785,560.76917
2024-06-12 14:30:00,630.67,680.3615,679.06244,554.0426,530.4341
2024-06-12 14:45:00,600.0,653.3641,603.98627,499.61234,477.48117
2024-06-12 15:00:00,581.96,644.9975999999999,584.10364,440.67804,458.18698
2024-06-12 15:15:00,556.16,692.3869000000005,504.48114,399.65863,423.88678
2024-06-12 15:30:00,531.81,629.6392999999998,463.43155,340.00958,366.52896
2024-06-12 15:45:00,496.48,686.6066000000003,397.1083,311.76114,350.82996
2024-06-12 16:00:00,448.73,571.1013,306.47287,258.99136,306.42563
2024-06-12 16:15:00,401.8,452.8939249999998,295.6895,202.782,284.2766
2024-06-12 16:30:00,355.1,357.9489868421053,260.86047,187.81712,233.59808
2024-06-12 16:45:00,306.39,196.03990000000007,238.49149,136.55757,176.45161
2024-06-12 17:00:00,255.47,186.012,130.25928,108.14173,130.94112
2024-06-12 17:15:00,212.52,203.29500000000007,133.56181,83.00475,98.32922
2024-06-12 17:30:00,171.44,244.393,90.80054,90.070564,39.401073
2024-06-12 17:45:00,131.47,212.47280000000003,37.765263,75.52062,46.903923
2024-06-12 18:00:00,93.06,215.2234,84.74443,57.64365,16.58671
2024-06-12 18:15:00,61.01,80.50009999999995,22.948782,51.636547,0.0
2024-06-12 18:30:00,34.58,45.3502,23.391827,88.69953,0.0
2024-06-12 18:45:00,15.49,21.90030000000001,4.3477006,76.67009,0.0
2024-06-12 19:00:00,5.6,7.964900000000007,0.0,81.18282,0.0
